state,exposure_category,year,quarter,period,period_index,date,hiv_notifications,prep_dispensing_count,post_pbs_listing,post_epic_nsw,covid_period,is_msm,msm_x_post_pbs,population_share,msm_population_weight,baseline_testing_rate_per_100k,seifa_irsad_index
ACT,Heterosexual,2013,1,2013Q1,0,2013-01-01,2,0,0,0,0,0,0,0.017,0.025,380,1040
ACT,Heterosexual,2013,2,2013Q2,1,2013-04-01,0,0,0,0,0,0,0,0.017,0.025,380,1040
ACT,Heterosexual,2013,3,2013Q3,2,2013-07-01,2,0,0,0,0,0,0,0.017,0.025,380,1040
ACT,Heterosexual,2013,4,2013Q4,3,2013-10-01,3,0,0,0,0,0,0,0.017,0.025,380,1040
ACT,Heterosexual,2014,1,2014Q1,4,2014-01-01,2,0,0,0,0,0,0,0.017,0.025,380,1040
ACT,Heterosexual,2014,2,2014Q2,5,2014-04-01,1,0,0,0,0,0,0,0.017,0.025,380,1040
ACT,Heterosexual,2014,3,2014Q3,6,2014-07-01,1,0,0,0,0,0,0,0.017,0.025,380,1040
ACT,Heterosexual,2014,4,2014Q4,7,2014-10-01,1,0,0,0,0,0,0,0.017,0.025,380,1040
ACT,Heterosexual,2015,1,2015Q1,8,2015-01-01,0,0,0,0,0,0,0,0.017,0.025,380,1040
ACT,Heterosexual,2015,2,2015Q2,9,2015-04-01,0,0,0,0,0,0,0,0.017,0.025,380,1040
ACT,Heterosexual,2015,3,2015Q3,10,2015-07-01,2,0,0,0,0,0,0,0.017,0.025,380,1040
ACT,Heterosexual,2015,4,2015Q4,11,2015-10-01,2,0,0,0,0,0,0,0.017,0.025,380,1040
ACT,Heterosexual,2016,1,2016Q1,12,2016-01-01,1,0,0,0,0,0,0,0.017,0.025,380,1040
ACT,Heterosexual,2016,2,2016Q2,13,2016-04-01,0,0,0,0,0,0,0,0.017,0.025,380,1040
ACT,Heterosexual,2016,3,2016Q3,14,2016-07-01,1,0,0,0,0,0,0,0.017,0.025,380,1040
ACT,Heterosexual,2016,4,2016Q4,15,2016-10-01,3,0,0,0,0,0,0,0.017,0.025,380,1040
ACT,Heterosexual,2017,1,2017Q1,16,2017-01-01,2,0,0,0,0,0,0,0.017,0.025,380,1040
ACT,Heterosexual,2017,2,2017Q2,17,2017-04-01,0,0,0,0,0,0,0,0.017,0.025,380,1040
ACT,Heterosexual,2017,3,2017Q3,18,2017-07-01,1,0,0,0,0,0,0,0.017,0.025,380,1040
ACT,Heterosexual,2017,4,2017Q4,19,2017-10-01,0,0,0,0,0,0,0,0.017,0.025,380,1040
ACT,Heterosexual,2018,1,2018Q1,20,2018-01-01,0,0,0,0,0,0,0,0.017,0.025,380,1040
ACT,Heterosexual,2018,2,2018Q2,21,2018-04-01,1,185,1,0,0,0,0,0.017,0.025,380,1040
ACT,Heterosexual,2018,3,2018Q3,22,2018-07-01,0,266,1,0,0,0,0,0.017,0.025,380,1040
ACT,Heterosexual,2018,4,2018Q4,23,2018-10-01,0,380,1,0,0,0,0,0.017,0.025,380,1040
ACT,Heterosexual,2019,1,2019Q1,24,2019-01-01,0,575,1,0,0,0,0,0.017,0.025,380,1040
ACT,Heterosexual,2019,2,2019Q2,25,2019-04-01,1,686,1,0,0,0,0,0.017,0.025,380,1040
ACT,Heterosexual,2019,3,2019Q3,26,2019-07-01,2,861,1,0,0,0,0,0.017,0.025,380,1040
ACT,Heterosexual,2019,4,2019Q4,27,2019-10-01,2,845,1,0,0,0,0,0.017,0.025,380,1040
ACT,Heterosexual,2020,1,2020Q1,28,2020-01-01,0,965,1,0,0,0,0,0.017,0.025,380,1040
ACT,Heterosexual,2020,2,2020Q2,29,2020-04-01,0,1046,1,0,1,0,0,0.017,0.025,380,1040
ACT,Heterosexual,2020,3,2020Q3,30,2020-07-01,4,919,1,0,1,0,0,0.017,0.025,380,1040
ACT,Heterosexual,2020,4,2020Q4,31,2020-10-01,1,952,1,0,1,0,0,0.017,0.025,380,1040
ACT,Heterosexual,2021,1,2021Q1,32,2021-01-01,1,973,1,0,1,0,0,0.017,0.025,380,1040
ACT,Heterosexual,2021,2,2021Q2,33,2021-04-01,0,1024,1,0,1,0,0,0.017,0.025,380,1040
ACT,Heterosexual,2021,3,2021Q3,34,2021-07-01,2,1062,1,0,1,0,0,0.017,0.025,380,1040
ACT,Heterosexual,2021,4,2021Q4,35,2021-10-01,0,1149,1,0,1,0,0,0.017,0.025,380,1040
ACT,Heterosexual,2022,1,2022Q1,36,2022-01-01,0,1126,1,0,0,0,0,0.017,0.025,380,1040
ACT,Heterosexual,2022,2,2022Q2,37,2022-04-01,1,1164,1,0,0,0,0,0.017,0.025,380,1040
ACT,Heterosexual,2022,3,2022Q3,38,2022-07-01,1,1113,1,0,0,0,0,0.017,0.025,380,1040
ACT,Heterosexual,2022,4,2022Q4,39,2022-10-01,0,1101,1,0,0,0,0,0.017,0.025,380,1040
ACT,MSM,2013,1,2013Q1,0,2013-01-01,4,0,0,0,0,1,0,0.017,0.025,380,1040
ACT,MSM,2013,2,2013Q2,1,2013-04-01,3,0,0,0,0,1,0,0.017,0.025,380,1040
ACT,MSM,2013,3,2013Q3,2,2013-07-01,2,0,0,0,0,1,0,0.017,0.025,380,1040
ACT,MSM,2013,4,2013Q4,3,2013-10-01,7,0,0,0,0,1,0,0.017,0.025,380,1040
ACT,MSM,2014,1,2014Q1,4,2014-01-01,5,0,0,0,0,1,0,0.017,0.025,380,1040
ACT,MSM,2014,2,2014Q2,5,2014-04-01,4,0,0,0,0,1,0,0.017,0.025,380,1040
ACT,MSM,2014,3,2014Q3,6,2014-07-01,4,0,0,0,0,1,0,0.017,0.025,380,1040
ACT,MSM,2014,4,2014Q4,7,2014-10-01,2,0,0,0,0,1,0,0.017,0.025,380,1040
ACT,MSM,2015,1,2015Q1,8,2015-01-01,3,0,0,0,0,1,0,0.017,0.025,380,1040
ACT,MSM,2015,2,2015Q2,9,2015-04-01,9,0,0,0,0,1,0,0.017,0.025,380,1040
ACT,MSM,2015,3,2015Q3,10,2015-07-01,3,0,0,0,0,1,0,0.017,0.025,380,1040
ACT,MSM,2015,4,2015Q4,11,2015-10-01,1,0,0,0,0,1,0,0.017,0.025,380,1040
ACT,MSM,2016,1,2016Q1,12,2016-01-01,2,0,0,0,0,1,0,0.017,0.025,380,1040
ACT,MSM,2016,2,2016Q2,13,2016-04-01,3,0,0,0,0,1,0,0.017,0.025,380,1040
ACT,MSM,2016,3,2016Q3,14,2016-07-01,7,0,0,0,0,1,0,0.017,0.025,380,1040
ACT,MSM,2016,4,2016Q4,15,2016-10-01,1,0,0,0,0,1,0,0.017,0.025,380,1040
ACT,MSM,2017,1,2017Q1,16,2017-01-01,5,0,0,0,0,1,0,0.017,0.025,380,1040
ACT,MSM,2017,2,2017Q2,17,2017-04-01,1,0,0,0,0,1,0,0.017,0.025,380,1040
ACT,MSM,2017,3,2017Q3,18,2017-07-01,5,0,0,0,0,1,0,0.017,0.025,380,1040
ACT,MSM,2017,4,2017Q4,19,2017-10-01,2,0,0,0,0,1,0,0.017,0.025,380,1040
ACT,MSM,2018,1,2018Q1,20,2018-01-01,1,0,0,0,0,1,0,0.017,0.025,380,1040
ACT,MSM,2018,2,2018Q2,21,2018-04-01,1,185,1,0,0,1,1,0.017,0.025,380,1040
ACT,MSM,2018,3,2018Q3,22,2018-07-01,8,266,1,0,0,1,1,0.017,0.025,380,1040
ACT,MSM,2018,4,2018Q4,23,2018-10-01,2,380,1,0,0,1,1,0.017,0.025,380,1040
ACT,MSM,2019,1,2019Q1,24,2019-01-01,3,575,1,0,0,1,1,0.017,0.025,380,1040
ACT,MSM,2019,2,2019Q2,25,2019-04-01,5,686,1,0,0,1,1,0.017,0.025,380,1040
ACT,MSM,2019,3,2019Q3,26,2019-07-01,3,861,1,0,0,1,1,0.017,0.025,380,1040
ACT,MSM,2019,4,2019Q4,27,2019-10-01,3,845,1,0,0,1,1,0.017,0.025,380,1040
ACT,MSM,2020,1,2020Q1,28,2020-01-01,1,965,1,0,0,1,1,0.017,0.025,380,1040
ACT,MSM,2020,2,2020Q2,29,2020-04-01,3,1046,1,0,1,1,1,0.017,0.025,380,1040
ACT,MSM,2020,3,2020Q3,30,2020-07-01,4,919,1,0,1,1,1,0.017,0.025,380,1040
ACT,MSM,2020,4,2020Q4,31,2020-10-01,3,952,1,0,1,1,1,0.017,0.025,380,1040
ACT,MSM,2021,1,2021Q1,32,2021-01-01,3,973,1,0,1,1,1,0.017,0.025,380,1040
ACT,MSM,2021,2,2021Q2,33,2021-04-01,1,1024,1,0,1,1,1,0.017,0.025,380,1040
ACT,MSM,2021,3,2021Q3,34,2021-07-01,3,1062,1,0,1,1,1,0.017,0.025,380,1040
ACT,MSM,2021,4,2021Q4,35,2021-10-01,0,1149,1,0,1,1,1,0.017,0.025,380,1040
ACT,MSM,2022,1,2022Q1,36,2022-01-01,6,1126,1,0,0,1,1,0.017,0.025,380,1040
ACT,MSM,2022,2,2022Q2,37,2022-04-01,2,1164,1,0,0,1,1,0.017,0.025,380,1040
ACT,MSM,2022,3,2022Q3,38,2022-07-01,3,1113,1,0,0,1,1,0.017,0.025,380,1040
ACT,MSM,2022,4,2022Q4,39,2022-10-01,2,1101,1,0,0,1,1,0.017,0.025,380,1040
ACT,Other,2013,1,2013Q1,0,2013-01-01,0,0,0,0,0,0,0,0.017,0.025,380,1040
ACT,Other,2013,2,2013Q2,1,2013-04-01,0,0,0,0,0,0,0,0.017,0.025,380,1040
ACT,Other,2013,3,2013Q3,2,2013-07-01,3,0,0,0,0,0,0,0.017,0.025,380,1040
ACT,Other,2013,4,2013Q4,3,2013-10-01,0,0,0,0,0,0,0,0.017,0.025,380,1040
ACT,Other,2014,1,2014Q1,4,2014-01-01,1,0,0,0,0,0,0,0.017,0.025,380,1040
ACT,Other,2014,2,2014Q2,5,2014-04-01,0,0,0,0,0,0,0,0.017,0.025,380,1040
ACT,Other,2014,3,2014Q3,6,2014-07-01,1,0,0,0,0,0,0,0.017,0.025,380,1040
ACT,Other,2014,4,2014Q4,7,2014-10-01,1,0,0,0,0,0,0,0.017,0.025,380,1040
ACT,Other,2015,1,2015Q1,8,2015-01-01,0,0,0,0,0,0,0,0.017,0.025,380,1040
ACT,Other,2015,2,2015Q2,9,2015-04-01,0,0,0,0,0,0,0,0.017,0.025,380,1040
ACT,Other,2015,3,2015Q3,10,2015-07-01,0,0,0,0,0,0,0,0.017,0.025,380,1040
ACT,Other,2015,4,2015Q4,11,2015-10-01,0,0,0,0,0,0,0,0.017,0.025,380,1040
ACT,Other,2016,1,2016Q1,12,2016-01-01,1,0,0,0,0,0,0,0.017,0.025,380,1040
ACT,Other,2016,2,2016Q2,13,2016-04-01,0,0,0,0,0,0,0,0.017,0.025,380,1040
ACT,Other,2016,3,2016Q3,14,2016-07-01,1,0,0,0,0,0,0,0.017,0.025,380,1040
ACT,Other,2016,4,2016Q4,15,2016-10-01,1,0,0,0,0,0,0,0.017,0.025,380,1040
ACT,Other,2017,1,2017Q1,16,2017-01-01,1,0,0,0,0,0,0,0.017,0.025,380,1040
ACT,Other,2017,2,2017Q2,17,2017-04-01,0,0,0,0,0,0,0,0.017,0.025,380,1040
ACT,Other,2017,3,2017Q3,18,2017-07-01,0,0,0,0,0,0,0,0.017,0.025,380,1040
ACT,Other,2017,4,2017Q4,19,2017-10-01,1,0,0,0,0,0,0,0.017,0.025,380,1040
ACT,Other,2018,1,2018Q1,20,2018-01-01,0,0,0,0,0,0,0,0.017,0.025,380,1040
ACT,Other,2018,2,2018Q2,21,2018-04-01,0,185,1,0,0,0,0,0.017,0.025,380,1040
ACT,Other,2018,3,2018Q3,22,2018-07-01,1,266,1,0,0,0,0,0.017,0.025,380,1040
ACT,Other,2018,4,2018Q4,23,2018-10-01,0,380,1,0,0,0,0,0.017,0.025,380,1040
ACT,Other,2019,1,2019Q1,24,2019-01-01,4,575,1,0,0,0,0,0.017,0.025,380,1040
ACT,Other,2019,2,2019Q2,25,2019-04-01,1,686,1,0,0,0,0,0.017,0.025,380,1040
ACT,Other,2019,3,2019Q3,26,2019-07-01,0,861,1,0,0,0,0,0.017,0.025,380,1040
ACT,Other,2019,4,2019Q4,27,2019-10-01,0,845,1,0,0,0,0,0.017,0.025,380,1040
ACT,Other,2020,1,2020Q1,28,2020-01-01,1,965,1,0,0,0,0,0.017,0.025,380,1040
ACT,Other,2020,2,2020Q2,29,2020-04-01,1,1046,1,0,1,0,0,0.017,0.025,380,1040
ACT,Other,2020,3,2020Q3,30,2020-07-01,0,919,1,0,1,0,0,0.017,0.025,380,1040
ACT,Other,2020,4,2020Q4,31,2020-10-01,0,952,1,0,1,0,0,0.017,0.025,380,1040
ACT,Other,2021,1,2021Q1,32,2021-01-01,0,973,1,0,1,0,0,0.017,0.025,380,1040
ACT,Other,2021,2,2021Q2,33,2021-04-01,0,1024,1,0,1,0,0,0.017,0.025,380,1040
ACT,Other,2021,3,2021Q3,34,2021-07-01,0,1062,1,0,1,0,0,0.017,0.025,380,1040
ACT,Other,2021,4,2021Q4,35,2021-10-01,1,1149,1,0,1,0,0,0.017,0.025,380,1040
ACT,Other,2022,1,2022Q1,36,2022-01-01,0,1126,1,0,0,0,0,0.017,0.025,380,1040
ACT,Other,2022,2,2022Q2,37,2022-04-01,0,1164,1,0,0,0,0,0.017,0.025,380,1040
ACT,Other,2022,3,2022Q3,38,2022-07-01,0,1113,1,0,0,0,0,0.017,0.025,380,1040
ACT,Other,2022,4,2022Q4,39,2022-10-01,0,1101,1,0,0,0,0,0.017,0.025,380,1040
NSW,Heterosexual,2013,1,2013Q1,0,2013-01-01,20,0,0,0,0,0,0,0.32,0.34,420,1000
NSW,Heterosexual,2013,2,2013Q2,1,2013-04-01,11,0,0,0,0,0,0,0.32,0.34,420,1000
NSW,Heterosexual,2013,3,2013Q3,2,2013-07-01,21,0,0,0,0,0,0,0.32,0.34,420,1000
NSW,Heterosexual,2013,4,2013Q4,3,2013-10-01,18,0,0,0,0,0,0,0.32,0.34,420,1000
NSW,Heterosexual,2014,1,2014Q1,4,2014-01-01,26,0,0,0,0,0,0,0.32,0.34,420,1000
NSW,Heterosexual,2014,2,2014Q2,5,2014-04-01,18,0,0,0,0,0,0,0.32,0.34,420,1000
NSW,Heterosexual,2014,3,2014Q3,6,2014-07-01,12,0,0,0,0,0,0,0.32,0.34,420,1000
NSW,Heterosexual,2014,4,2014Q4,7,2014-10-01,16,0,0,0,0,0,0,0.32,0.34,420,1000
NSW,Heterosexual,2015,1,2015Q1,8,2015-01-01,11,0,0,0,0,0,0,0.32,0.34,420,1000
NSW,Heterosexual,2015,2,2015Q2,9,2015-04-01,14,0,0,0,0,0,0,0.32,0.34,420,1000
NSW,Heterosexual,2015,3,2015Q3,10,2015-07-01,16,0,0,0,0,0,0,0.32,0.34,420,1000
NSW,Heterosexual,2015,4,2015Q4,11,2015-10-01,19,0,0,0,0,0,0,0.32,0.34,420,1000
NSW,Heterosexual,2016,1,2016Q1,12,2016-01-01,16,772,0,1,0,0,0,0.32,0.34,420,1000
NSW,Heterosexual,2016,2,2016Q2,13,2016-04-01,18,1321,0,1,0,0,0,0.32,0.34,420,1000
NSW,Heterosexual,2016,3,2016Q3,14,2016-07-01,16,2012,0,1,0,0,0,0.32,0.34,420,1000
NSW,Heterosexual,2016,4,2016Q4,15,2016-10-01,18,3234,0,1,0,0,0,0.32,0.34,420,1000
NSW,Heterosexual,2017,1,2017Q1,16,2017-01-01,19,4412,0,1,0,0,0,0.32,0.34,420,1000
NSW,Heterosexual,2017,2,2017Q2,17,2017-04-01,19,5782,0,1,0,0,0,0.32,0.34,420,1000
NSW,Heterosexual,2017,3,2017Q3,18,2017-07-01,20,6951,0,1,0,0,0,0.32,0.34,420,1000
NSW,Heterosexual,2017,4,2017Q4,19,2017-10-01,16,7709,0,1,0,0,0,0.32,0.34,420,1000
NSW,Heterosexual,2018,1,2018Q1,20,2018-01-01,15,8265,0,1,0,0,0,0.32,0.34,420,1000
NSW,Heterosexual,2018,2,2018Q2,21,2018-04-01,24,2989,1,1,0,0,0,0.32,0.34,420,1000
NSW,Heterosexual,2018,3,2018Q3,22,2018-07-01,17,4372,1,1,0,0,0,0.32,0.34,420,1000
NSW,Heterosexual,2018,4,2018Q4,23,2018-10-01,14,6132,1,1,0,0,0,0.32,0.34,420,1000
NSW,Heterosexual,2019,1,2019Q1,24,2019-01-01,16,8024,1,1,0,0,0,0.32,0.34,420,1000
NSW,Heterosexual,2019,2,2019Q2,25,2019-04-01,8,9884,1,1,0,0,0,0.32,0.34,420,1000
NSW,Heterosexual,2019,3,2019Q3,26,2019-07-01,14,11689,1,1,0,0,0,0.32,0.34,420,1000
NSW,Heterosexual,2019,4,2019Q4,27,2019-10-01,14,13124,1,1,0,0,0,0.32,0.34,420,1000
NSW,Heterosexual,2020,1,2020Q1,28,2020-01-01,21,13996,1,1,0,0,0,0.32,0.34,420,1000
NSW,Heterosexual,2020,2,2020Q2,29,2020-04-01,11,14743,1,1,1,0,0,0.32,0.34,420,1000
NSW,Heterosexual,2020,3,2020Q3,30,2020-07-01,10,14134,1,1,1,0,0,0.32,0.34,420,1000
NSW,Heterosexual,2020,4,2020Q4,31,2020-10-01,19,13637,1,1,1,0,0,0.32,0.34,420,1000
NSW,Heterosexual,2021,1,2021Q1,32,2021-01-01,18,13536,1,1,1,0,0,0.32,0.34,420,1000
NSW,Heterosexual,2021,2,2021Q2,33,2021-04-01,15,13787,1,1,1,0,0,0.32,0.34,420,1000
NSW,Heterosexual,2021,3,2021Q3,34,2021-07-01,16,14826,1,1,1,0,0,0.32,0.34,420,1000
NSW,Heterosexual,2021,4,2021Q4,35,2021-10-01,11,15879,1,1,1,0,0,0.32,0.34,420,1000
NSW,Heterosexual,2022,1,2022Q1,36,2022-01-01,14,16139,1,1,0,0,0,0.32,0.34,420,1000
NSW,Heterosexual,2022,2,2022Q2,37,2022-04-01,19,16118,1,1,0,0,0,0.32,0.34,420,1000
NSW,Heterosexual,2022,3,2022Q3,38,2022-07-01,15,16036,1,1,0,0,0,0.32,0.34,420,1000
NSW,Heterosexual,2022,4,2022Q4,39,2022-10-01,6,15899,1,1,0,0,0,0.32,0.34,420,1000
NSW,MSM,2013,1,2013Q1,0,2013-01-01,62,0,0,0,0,1,0,0.32,0.34,420,1000
NSW,MSM,2013,2,2013Q2,1,2013-04-01,61,0,0,0,0,1,0,0.32,0.34,420,1000
NSW,MSM,2013,3,2013Q3,2,2013-07-01,58,0,0,0,0,1,0,0.32,0.34,420,1000
NSW,MSM,2013,4,2013Q4,3,2013-10-01,65,0,0,0,0,1,0,0.32,0.34,420,1000
NSW,MSM,2014,1,2014Q1,4,2014-01-01,59,0,0,0,0,1,0,0.32,0.34,420,1000
NSW,MSM,2014,2,2014Q2,5,2014-04-01,73,0,0,0,0,1,0,0.32,0.34,420,1000
NSW,MSM,2014,3,2014Q3,6,2014-07-01,48,0,0,0,0,1,0,0.32,0.34,420,1000
NSW,MSM,2014,4,2014Q4,7,2014-10-01,62,0,0,0,0,1,0,0.32,0.34,420,1000
NSW,MSM,2015,1,2015Q1,8,2015-01-01,65,0,0,0,0,1,0,0.32,0.34,420,1000
NSW,MSM,2015,2,2015Q2,9,2015-04-01,54,0,0,0,0,1,0,0.32,0.34,420,1000
NSW,MSM,2015,3,2015Q3,10,2015-07-01,64,0,0,0,0,1,0,0.32,0.34,420,1000
NSW,MSM,2015,4,2015Q4,11,2015-10-01,54,0,0,0,0,1,0,0.32,0.34,420,1000
NSW,MSM,2016,1,2016Q1,12,2016-01-01,49,772,0,1,0,1,0,0.32,0.34,420,1000
NSW,MSM,2016,2,2016Q2,13,2016-04-01,71,1321,0,1,0,1,0,0.32,0.34,420,1000
NSW,MSM,2016,3,2016Q3,14,2016-07-01,52,2012,0,1,0,1,0,0.32,0.34,420,1000
NSW,MSM,2016,4,2016Q4,15,2016-10-01,55,3234,0,1,0,1,0,0.32,0.34,420,1000
NSW,MSM,2017,1,2017Q1,16,2017-01-01,59,4412,0,1,0,1,0,0.32,0.34,420,1000
NSW,MSM,2017,2,2017Q2,17,2017-04-01,41,5782,0,1,0,1,0,0.32,0.34,420,1000
NSW,MSM,2017,3,2017Q3,18,2017-07-01,52,6951,0,1,0,1,0,0.32,0.34,420,1000
NSW,MSM,2017,4,2017Q4,19,2017-10-01,50,7709,0,1,0,1,0,0.32,0.34,420,1000
NSW,MSM,2018,1,2018Q1,20,2018-01-01,54,8265,0,1,0,1,0,0.32,0.34,420,1000
NSW,MSM,2018,2,2018Q2,21,2018-04-01,45,2989,1,1,0,1,1,0.32,0.34,420,1000
NSW,MSM,2018,3,2018Q3,22,2018-07-01,41,4372,1,1,0,1,1,0.32,0.34,420,1000
NSW,MSM,2018,4,2018Q4,23,2018-10-01,50,6132,1,1,0,1,1,0.32,0.34,420,1000
NSW,MSM,2019,1,2019Q1,24,2019-01-01,39,8024,1,1,0,1,1,0.32,0.34,420,1000
NSW,MSM,2019,2,2019Q2,25,2019-04-01,46,9884,1,1,0,1,1,0.32,0.34,420,1000
NSW,MSM,2019,3,2019Q3,26,2019-07-01,34,11689,1,1,0,1,1,0.32,0.34,420,1000
NSW,MSM,2019,4,2019Q4,27,2019-10-01,35,13124,1,1,0,1,1,0.32,0.34,420,1000
NSW,MSM,2020,1,2020Q1,28,2020-01-01,43,13996,1,1,0,1,1,0.32,0.34,420,1000
NSW,MSM,2020,2,2020Q2,29,2020-04-01,41,14743,1,1,1,1,1,0.32,0.34,420,1000
NSW,MSM,2020,3,2020Q3,30,2020-07-01,35,14134,1,1,1,1,1,0.32,0.34,420,1000
NSW,MSM,2020,4,2020Q4,31,2020-10-01,53,13637,1,1,1,1,1,0.32,0.34,420,1000
NSW,MSM,2021,1,2021Q1,32,2021-01-01,45,13536,1,1,1,1,1,0.32,0.34,420,1000
NSW,MSM,2021,2,2021Q2,33,2021-04-01,24,13787,1,1,1,1,1,0.32,0.34,420,1000
NSW,MSM,2021,3,2021Q3,34,2021-07-01,29,14826,1,1,1,1,1,0.32,0.34,420,1000
NSW,MSM,2021,4,2021Q4,35,2021-10-01,39,15879,1,1,1,1,1,0.32,0.34,420,1000
NSW,MSM,2022,1,2022Q1,36,2022-01-01,41,16139,1,1,0,1,1,0.32,0.34,420,1000
NSW,MSM,2022,2,2022Q2,37,2022-04-01,39,16118,1,1,0,1,1,0.32,0.34,420,1000
NSW,MSM,2022,3,2022Q3,38,2022-07-01,30,16036,1,1,0,1,1,0.32,0.34,420,1000
NSW,MSM,2022,4,2022Q4,39,2022-10-01,22,15899,1,1,0,1,1,0.32,0.34,420,1000
NSW,Other,2013,1,2013Q1,0,2013-01-01,8,0,0,0,0,0,0,0.32,0.34,420,1000
NSW,Other,2013,2,2013Q2,1,2013-04-01,10,0,0,0,0,0,0,0.32,0.34,420,1000
NSW,Other,2013,3,2013Q3,2,2013-07-01,10,0,0,0,0,0,0,0.32,0.34,420,1000
NSW,Other,2013,4,2013Q4,3,2013-10-01,5,0,0,0,0,0,0,0.32,0.34,420,1000
NSW,Other,2014,1,2014Q1,4,2014-01-01,6,0,0,0,0,0,0,0.32,0.34,420,1000
NSW,Other,2014,2,2014Q2,5,2014-04-01,16,0,0,0,0,0,0,0.32,0.34,420,1000
NSW,Other,2014,3,2014Q3,6,2014-07-01,6,0,0,0,0,0,0,0.32,0.34,420,1000
NSW,Other,2014,4,2014Q4,7,2014-10-01,8,0,0,0,0,0,0,0.32,0.34,420,1000
NSW,Other,2015,1,2015Q1,8,2015-01-01,8,0,0,0,0,0,0,0.32,0.34,420,1000
NSW,Other,2015,2,2015Q2,9,2015-04-01,4,0,0,0,0,0,0,0.32,0.34,420,1000
NSW,Other,2015,3,2015Q3,10,2015-07-01,8,0,0,0,0,0,0,0.32,0.34,420,1000
NSW,Other,2015,4,2015Q4,11,2015-10-01,7,0,0,0,0,0,0,0.32,0.34,420,1000
NSW,Other,2016,1,2016Q1,12,2016-01-01,11,772,0,1,0,0,0,0.32,0.34,420,1000
NSW,Other,2016,2,2016Q2,13,2016-04-01,5,1321,0,1,0,0,0,0.32,0.34,420,1000
NSW,Other,2016,3,2016Q3,14,2016-07-01,7,2012,0,1,0,0,0,0.32,0.34,420,1000
NSW,Other,2016,4,2016Q4,15,2016-10-01,10,3234,0,1,0,0,0,0.32,0.34,420,1000
NSW,Other,2017,1,2017Q1,16,2017-01-01,12,4412,0,1,0,0,0,0.32,0.34,420,1000
NSW,Other,2017,2,2017Q2,17,2017-04-01,8,5782,0,1,0,0,0,0.32,0.34,420,1000
NSW,Other,2017,3,2017Q3,18,2017-07-01,4,6951,0,1,0,0,0,0.32,0.34,420,1000
NSW,Other,2017,4,2017Q4,19,2017-10-01,4,7709,0,1,0,0,0,0.32,0.34,420,1000
NSW,Other,2018,1,2018Q1,20,2018-01-01,5,8265,0,1,0,0,0,0.32,0.34,420,1000
NSW,Other,2018,2,2018Q2,21,2018-04-01,2,2989,1,1,0,0,0,0.32,0.34,420,1000
NSW,Other,2018,3,2018Q3,22,2018-07-01,2,4372,1,1,0,0,0,0.32,0.34,420,1000
NSW,Other,2018,4,2018Q4,23,2018-10-01,8,6132,1,1,0,0,0,0.32,0.34,420,1000
NSW,Other,2019,1,2019Q1,24,2019-01-01,7,8024,1,1,0,0,0,0.32,0.34,420,1000
NSW,Other,2019,2,2019Q2,25,2019-04-01,3,9884,1,1,0,0,0,0.32,0.34,420,1000
NSW,Other,2019,3,2019Q3,26,2019-07-01,3,11689,1,1,0,0,0,0.32,0.34,420,1000
NSW,Other,2019,4,2019Q4,27,2019-10-01,4,13124,1,1,0,0,0,0.32,0.34,420,1000
NSW,Other,2020,1,2020Q1,28,2020-01-01,12,13996,1,1,0,0,0,0.32,0.34,420,1000
NSW,Other,2020,2,2020Q2,29,2020-04-01,6,14743,1,1,1,0,0,0.32,0.34,420,1000
NSW,Other,2020,3,2020Q3,30,2020-07-01,4,14134,1,1,1,0,0,0.32,0.34,420,1000
NSW,Other,2020,4,2020Q4,31,2020-10-01,7,13637,1,1,1,0,0,0.32,0.34,420,1000
NSW,Other,2021,1,2021Q1,32,2021-01-01,3,13536,1,1,1,0,0,0.32,0.34,420,1000
NSW,Other,2021,2,2021Q2,33,2021-04-01,8,13787,1,1,1,0,0,0.32,0.34,420,1000
NSW,Other,2021,3,2021Q3,34,2021-07-01,6,14826,1,1,1,0,0,0.32,0.34,420,1000
NSW,Other,2021,4,2021Q4,35,2021-10-01,12,15879,1,1,1,0,0,0.32,0.34,420,1000
NSW,Other,2022,1,2022Q1,36,2022-01-01,7,16139,1,1,0,0,0,0.32,0.34,420,1000
NSW,Other,2022,2,2022Q2,37,2022-04-01,9,16118,1,1,0,0,0,0.32,0.34,420,1000
NSW,Other,2022,3,2022Q3,38,2022-07-01,10,16036,1,1,0,0,0,0.32,0.34,420,1000
NSW,Other,2022,4,2022Q4,39,2022-10-01,7,15899,1,1,0,0,0,0.32,0.34,420,1000
NT,Heterosexual,2013,1,2013Q1,0,2013-01-01,1,0,0,0,0,0,0,0.013,0.01,250,930
NT,Heterosexual,2013,2,2013Q2,1,2013-04-01,0,0,0,0,0,0,0,0.013,0.01,250,930
NT,Heterosexual,2013,3,2013Q3,2,2013-07-01,1,0,0,0,0,0,0,0.013,0.01,250,930
NT,Heterosexual,2013,4,2013Q4,3,2013-10-01,0,0,0,0,0,0,0,0.013,0.01,250,930
NT,Heterosexual,2014,1,2014Q1,4,2014-01-01,0,0,0,0,0,0,0,0.013,0.01,250,930
NT,Heterosexual,2014,2,2014Q2,5,2014-04-01,1,0,0,0,0,0,0,0.013,0.01,250,930
NT,Heterosexual,2014,3,2014Q3,6,2014-07-01,0,0,0,0,0,0,0,0.013,0.01,250,930
NT,Heterosexual,2014,4,2014Q4,7,2014-10-01,0,0,0,0,0,0,0,0.013,0.01,250,930
NT,Heterosexual,2015,1,2015Q1,8,2015-01-01,0,0,0,0,0,0,0,0.013,0.01,250,930
NT,Heterosexual,2015,2,2015Q2,9,2015-04-01,0,0,0,0,0,0,0,0.013,0.01,250,930
NT,Heterosexual,2015,3,2015Q3,10,2015-07-01,0,0,0,0,0,0,0,0.013,0.01,250,930
NT,Heterosexual,2015,4,2015Q4,11,2015-10-01,0,0,0,0,0,0,0,0.013,0.01,250,930
NT,Heterosexual,2016,1,2016Q1,12,2016-01-01,0,0,0,0,0,0,0,0.013,0.01,250,930
NT,Heterosexual,2016,2,2016Q2,13,2016-04-01,1,0,0,0,0,0,0,0.013,0.01,250,930
NT,Heterosexual,2016,3,2016Q3,14,2016-07-01,0,0,0,0,0,0,0,0.013,0.01,250,930
NT,Heterosexual,2016,4,2016Q4,15,2016-10-01,3,0,0,0,0,0,0,0.013,0.01,250,930
NT,Heterosexual,2017,1,2017Q1,16,2017-01-01,0,0,0,0,0,0,0,0.013,0.01,250,930
NT,Heterosexual,2017,2,2017Q2,17,2017-04-01,0,0,0,0,0,0,0,0.013,0.01,250,930
NT,Heterosexual,2017,3,2017Q3,18,2017-07-01,0,0,0,0,0,0,0,0.013,0.01,250,930
NT,Heterosexual,2017,4,2017Q4,19,2017-10-01,0,0,0,0,0,0,0,0.013,0.01,250,930
NT,Heterosexual,2018,1,2018Q1,20,2018-01-01,1,0,0,0,0,0,0,0.013,0.01,250,930
NT,Heterosexual,2018,2,2018Q2,21,2018-04-01,1,81,1,0,0,0,0,0.013,0.01,250,930
NT,Heterosexual,2018,3,2018Q3,22,2018-07-01,0,112,1,0,0,0,0,0.013,0.01,250,930
NT,Heterosexual,2018,4,2018Q4,23,2018-10-01,2,165,1,0,0,0,0,0.013,0.01,250,930
NT,Heterosexual,2019,1,2019Q1,24,2019-01-01,1,220,1,0,0,0,0,0.013,0.01,250,930
NT,Heterosexual,2019,2,2019Q2,25,2019-04-01,0,270,1,0,0,0,0,0.013,0.01,250,930
NT,Heterosexual,2019,3,2019Q3,26,2019-07-01,1,359,1,0,0,0,0,0.013,0.01,250,930
NT,Heterosexual,2019,4,2019Q4,27,2019-10-01,0,358,1,0,0,0,0,0.013,0.01,250,930
NT,Heterosexual,2020,1,2020Q1,28,2020-01-01,0,420,1,0,0,0,0,0.013,0.01,250,930
NT,Heterosexual,2020,2,2020Q2,29,2020-04-01,0,436,1,0,1,0,0,0.013,0.01,250,930
NT,Heterosexual,2020,3,2020Q3,30,2020-07-01,0,404,1,0,1,0,0,0.013,0.01,250,930
NT,Heterosexual,2020,4,2020Q4,31,2020-10-01,0,394,1,0,1,0,0,0.013,0.01,250,930
NT,Heterosexual,2021,1,2021Q1,32,2021-01-01,2,387,1,0,1,0,0,0.013,0.01,250,930
NT,Heterosexual,2021,2,2021Q2,33,2021-04-01,0,362,1,0,1,0,0,0.013,0.01,250,930
NT,Heterosexual,2021,3,2021Q3,34,2021-07-01,1,382,1,0,1,0,0,0.013,0.01,250,930
NT,Heterosexual,2021,4,2021Q4,35,2021-10-01,1,413,1,0,1,0,0,0.013,0.01,250,930
NT,Heterosexual,2022,1,2022Q1,36,2022-01-01,0,469,1,0,0,0,0,0.013,0.01,250,930
NT,Heterosexual,2022,2,2022Q2,37,2022-04-01,0,468,1,0,0,0,0,0.013,0.01,250,930
NT,Heterosexual,2022,3,2022Q3,38,2022-07-01,0,495,1,0,0,0,0,0.013,0.01,250,930
NT,Heterosexual,2022,4,2022Q4,39,2022-10-01,0,455,1,0,0,0,0,0.013,0.01,250,930
NT,MSM,2013,1,2013Q1,0,2013-01-01,2,0,0,0,0,1,0,0.013,0.01,250,930
NT,MSM,2013,2,2013Q2,1,2013-04-01,1,0,0,0,0,1,0,0.013,0.01,250,930
NT,MSM,2013,3,2013Q3,2,2013-07-01,2,0,0,0,0,1,0,0.013,0.01,250,930
NT,MSM,2013,4,2013Q4,3,2013-10-01,2,0,0,0,0,1,0,0.013,0.01,250,930
NT,MSM,2014,1,2014Q1,4,2014-01-01,3,0,0,0,0,1,0,0.013,0.01,250,930
NT,MSM,2014,2,2014Q2,5,2014-04-01,3,0,0,0,0,1,0,0.013,0.01,250,930
NT,MSM,2014,3,2014Q3,6,2014-07-01,1,0,0,0,0,1,0,0.013,0.01,250,930
NT,MSM,2014,4,2014Q4,7,2014-10-01,4,0,0,0,0,1,0,0.013,0.01,250,930
NT,MSM,2015,1,2015Q1,8,2015-01-01,3,0,0,0,0,1,0,0.013,0.01,250,930
NT,MSM,2015,2,2015Q2,9,2015-04-01,5,0,0,0,0,1,0,0.013,0.01,250,930
NT,MSM,2015,3,2015Q3,10,2015-07-01,1,0,0,0,0,1,0,0.013,0.01,250,930
NT,MSM,2015,4,2015Q4,11,2015-10-01,1,0,0,0,0,1,0,0.013,0.01,250,930
NT,MSM,2016,1,2016Q1,12,2016-01-01,1,0,0,0,0,1,0,0.013,0.01,250,930
NT,MSM,2016,2,2016Q2,13,2016-04-01,2,0,0,0,0,1,0,0.013,0.01,250,930
NT,MSM,2016,3,2016Q3,14,2016-07-01,0,0,0,0,0,1,0,0.013,0.01,250,930
NT,MSM,2016,4,2016Q4,15,2016-10-01,3,0,0,0,0,1,0,0.013,0.01,250,930
NT,MSM,2017,1,2017Q1,16,2017-01-01,3,0,0,0,0,1,0,0.013,0.01,250,930
NT,MSM,2017,2,2017Q2,17,2017-04-01,2,0,0,0,0,1,0,0.013,0.01,250,930
NT,MSM,2017,3,2017Q3,18,2017-07-01,2,0,0,0,0,1,0,0.013,0.01,250,930
NT,MSM,2017,4,2017Q4,19,2017-10-01,0,0,0,0,0,1,0,0.013,0.01,250,930
NT,MSM,2018,1,2018Q1,20,2018-01-01,5,0,0,0,0,1,0,0.013,0.01,250,930
NT,MSM,2018,2,2018Q2,21,2018-04-01,0,81,1,0,0,1,1,0.013,0.01,250,930
NT,MSM,2018,3,2018Q3,22,2018-07-01,1,112,1,0,0,1,1,0.013,0.01,250,930
NT,MSM,2018,4,2018Q4,23,2018-10-01,1,165,1,0,0,1,1,0.013,0.01,250,930
NT,MSM,2019,1,2019Q1,24,2019-01-01,0,220,1,0,0,1,1,0.013,0.01,250,930
NT,MSM,2019,2,2019Q2,25,2019-04-01,1,270,1,0,0,1,1,0.013,0.01,250,930
NT,MSM,2019,3,2019Q3,26,2019-07-01,0,359,1,0,0,1,1,0.013,0.01,250,930
NT,MSM,2019,4,2019Q4,27,2019-10-01,1,358,1,0,0,1,1,0.013,0.01,250,930
NT,MSM,2020,1,2020Q1,28,2020-01-01,3,420,1,0,0,1,1,0.013,0.01,250,930
NT,MSM,2020,2,2020Q2,29,2020-04-01,1,436,1,0,1,1,1,0.013,0.01,250,930
NT,MSM,2020,3,2020Q3,30,2020-07-01,2,404,1,0,1,1,1,0.013,0.01,250,930
NT,MSM,2020,4,2020Q4,31,2020-10-01,1,394,1,0,1,1,1,0.013,0.01,250,930
NT,MSM,2021,1,2021Q1,32,2021-01-01,3,387,1,0,1,1,1,0.013,0.01,250,930
NT,MSM,2021,2,2021Q2,33,2021-04-01,2,362,1,0,1,1,1,0.013,0.01,250,930
NT,MSM,2021,3,2021Q3,34,2021-07-01,0,382,1,0,1,1,1,0.013,0.01,250,930
NT,MSM,2021,4,2021Q4,35,2021-10-01,2,413,1,0,1,1,1,0.013,0.01,250,930
NT,MSM,2022,1,2022Q1,36,2022-01-01,1,469,1,0,0,1,1,0.013,0.01,250,930
NT,MSM,2022,2,2022Q2,37,2022-04-01,1,468,1,0,0,1,1,0.013,0.01,250,930
NT,MSM,2022,3,2022Q3,38,2022-07-01,2,495,1,0,0,1,1,0.013,0.01,250,930
NT,MSM,2022,4,2022Q4,39,2022-10-01,0,455,1,0,0,1,1,0.013,0.01,250,930
NT,Other,2013,1,2013Q1,0,2013-01-01,0,0,0,0,0,0,0,0.013,0.01,250,930
NT,Other,2013,2,2013Q2,1,2013-04-01,1,0,0,0,0,0,0,0.013,0.01,250,930
NT,Other,2013,3,2013Q3,2,2013-07-01,0,0,0,0,0,0,0,0.013,0.01,250,930
NT,Other,2013,4,2013Q4,3,2013-10-01,1,0,0,0,0,0,0,0.013,0.01,250,930
NT,Other,2014,1,2014Q1,4,2014-01-01,0,0,0,0,0,0,0,0.013,0.01,250,930
NT,Other,2014,2,2014Q2,5,2014-04-01,0,0,0,0,0,0,0,0.013,0.01,250,930
NT,Other,2014,3,2014Q3,6,2014-07-01,1,0,0,0,0,0,0,0.013,0.01,250,930
NT,Other,2014,4,2014Q4,7,2014-10-01,2,0,0,0,0,0,0,0.013,0.01,250,930
NT,Other,2015,1,2015Q1,8,2015-01-01,3,0,0,0,0,0,0,0.013,0.01,250,930
NT,Other,2015,2,2015Q2,9,2015-04-01,1,0,0,0,0,0,0,0.013,0.01,250,930
NT,Other,2015,3,2015Q3,10,2015-07-01,1,0,0,0,0,0,0,0.013,0.01,250,930
NT,Other,2015,4,2015Q4,11,2015-10-01,1,0,0,0,0,0,0,0.013,0.01,250,930
NT,Other,2016,1,2016Q1,12,2016-01-01,1,0,0,0,0,0,0,0.013,0.01,250,930
NT,Other,2016,2,2016Q2,13,2016-04-01,3,0,0,0,0,0,0,0.013,0.01,250,930
NT,Other,2016,3,2016Q3,14,2016-07-01,1,0,0,0,0,0,0,0.013,0.01,250,930
NT,Other,2016,4,2016Q4,15,2016-10-01,2,0,0,0,0,0,0,0.013,0.01,250,930
NT,Other,2017,1,2017Q1,16,2017-01-01,0,0,0,0,0,0,0,0.013,0.01,250,930
NT,Other,2017,2,2017Q2,17,2017-04-01,0,0,0,0,0,0,0,0.013,0.01,250,930
NT,Other,2017,3,2017Q3,18,2017-07-01,1,0,0,0,0,0,0,0.013,0.01,250,930
NT,Other,2017,4,2017Q4,19,2017-10-01,1,0,0,0,0,0,0,0.013,0.01,250,930
NT,Other,2018,1,2018Q1,20,2018-01-01,0,0,0,0,0,0,0,0.013,0.01,250,930
NT,Other,2018,2,2018Q2,21,2018-04-01,0,81,1,0,0,0,0,0.013,0.01,250,930
NT,Other,2018,3,2018Q3,22,2018-07-01,0,112,1,0,0,0,0,0.013,0.01,250,930
NT,Other,2018,4,2018Q4,23,2018-10-01,1,165,1,0,0,0,0,0.013,0.01,250,930
NT,Other,2019,1,2019Q1,24,2019-01-01,0,220,1,0,0,0,0,0.013,0.01,250,930
NT,Other,2019,2,2019Q2,25,2019-04-01,1,270,1,0,0,0,0,0.013,0.01,250,930
NT,Other,2019,3,2019Q3,26,2019-07-01,1,359,1,0,0,0,0,0.013,0.01,250,930
NT,Other,2019,4,2019Q4,27,2019-10-01,0,358,1,0,0,0,0,0.013,0.01,250,930
NT,Other,2020,1,2020Q1,28,2020-01-01,0,420,1,0,0,0,0,0.013,0.01,250,930
NT,Other,2020,2,2020Q2,29,2020-04-01,0,436,1,0,1,0,0,0.013,0.01,250,930
NT,Other,2020,3,2020Q3,30,2020-07-01,0,404,1,0,1,0,0,0.013,0.01,250,930
NT,Other,2020,4,2020Q4,31,2020-10-01,1,394,1,0,1,0,0,0.013,0.01,250,930
NT,Other,2021,1,2021Q1,32,2021-01-01,0,387,1,0,1,0,0,0.013,0.01,250,930
NT,Other,2021,2,2021Q2,33,2021-04-01,0,362,1,0,1,0,0,0.013,0.01,250,930
NT,Other,2021,3,2021Q3,34,2021-07-01,0,382,1,0,1,0,0,0.013,0.01,250,930
NT,Other,2021,4,2021Q4,35,2021-10-01,1,413,1,0,1,0,0,0.013,0.01,250,930
NT,Other,2022,1,2022Q1,36,2022-01-01,1,469,1,0,0,0,0,0.013,0.01,250,930
NT,Other,2022,2,2022Q2,37,2022-04-01,0,468,1,0,0,0,0,0.013,0.01,250,930
NT,Other,2022,3,2022Q3,38,2022-07-01,0,495,1,0,0,0,0,0.013,0.01,250,930
NT,Other,2022,4,2022Q4,39,2022-10-01,0,455,1,0,0,0,0,0.013,0.01,250,930
QLD,Heterosexual,2013,1,2013Q1,0,2013-01-01,11,0,0,0,0,0,0,0.2,0.17,340,985
QLD,Heterosexual,2013,2,2013Q2,1,2013-04-01,11,0,0,0,0,0,0,0.2,0.17,340,985
QLD,Heterosexual,2013,3,2013Q3,2,2013-07-01,5,0,0,0,0,0,0,0.2,0.17,340,985
QLD,Heterosexual,2013,4,2013Q4,3,2013-10-01,8,0,0,0,0,0,0,0.2,0.17,340,985
QLD,Heterosexual,2014,1,2014Q1,4,2014-01-01,10,0,0,0,0,0,0,0.2,0.17,340,985
QLD,Heterosexual,2014,2,2014Q2,5,2014-04-01,11,0,0,0,0,0,0,0.2,0.17,340,985
QLD,Heterosexual,2014,3,2014Q3,6,2014-07-01,14,0,0,0,0,0,0,0.2,0.17,340,985
QLD,Heterosexual,2014,4,2014Q4,7,2014-10-01,14,0,0,0,0,0,0,0.2,0.17,340,985
QLD,Heterosexual,2015,1,2015Q1,8,2015-01-01,12,0,0,0,0,0,0,0.2,0.17,340,985
QLD,Heterosexual,2015,2,2015Q2,9,2015-04-01,12,0,0,0,0,0,0,0.2,0.17,340,985
QLD,Heterosexual,2015,3,2015Q3,10,2015-07-01,19,0,0,0,0,0,0,0.2,0.17,340,985
QLD,Heterosexual,2015,4,2015Q4,11,2015-10-01,10,0,0,0,0,0,0,0.2,0.17,340,985
QLD,Heterosexual,2016,1,2016Q1,12,2016-01-01,11,0,0,0,0,0,0,0.2,0.17,340,985
QLD,Heterosexual,2016,2,2016Q2,13,2016-04-01,10,0,0,0,0,0,0,0.2,0.17,340,985
QLD,Heterosexual,2016,3,2016Q3,14,2016-07-01,13,0,0,0,0,0,0,0.2,0.17,340,985
QLD,Heterosexual,2016,4,2016Q4,15,2016-10-01,7,0,0,0,0,0,0,0.2,0.17,340,985
QLD,Heterosexual,2017,1,2017Q1,16,2017-01-01,8,0,0,0,0,0,0,0.2,0.17,340,985
QLD,Heterosexual,2017,2,2017Q2,17,2017-04-01,18,0,0,0,0,0,0,0.2,0.17,340,985
QLD,Heterosexual,2017,3,2017Q3,18,2017-07-01,7,0,0,0,0,0,0,0.2,0.17,340,985
QLD,Heterosexual,2017,4,2017Q4,19,2017-10-01,13,0,0,0,0,0,0,0.2,0.17,340,985
QLD,Heterosexual,2018,1,2018Q1,20,2018-01-01,7,0,0,0,0,0,0,0.2,0.17,340,985
QLD,Heterosexual,2018,2,2018Q2,21,2018-04-01,10,1428,1,0,0,0,0,0.2,0.17,340,985
QLD,Heterosexual,2018,3,2018Q3,22,2018-07-01,8,2051,1,0,0,0,0,0.2,0.17,340,985
QLD,Heterosexual,2018,4,2018Q4,23,2018-10-01,6,2805,1,0,0,0,0,0.2,0.17,340,985
QLD,Heterosexual,2019,1,2019Q1,24,2019-01-01,12,3817,1,0,0,0,0,0.2,0.17,340,985
QLD,Heterosexual,2019,2,2019Q2,25,2019-04-01,10,4722,1,0,0,0,0,0.2,0.17,340,985
QLD,Heterosexual,2019,3,2019Q3,26,2019-07-01,10,5514,1,0,0,0,0,0.2,0.17,340,985
QLD,Heterosexual,2019,4,2019Q4,27,2019-10-01,7,6317,1,0,0,0,0,0.2,0.17,340,985
QLD,Heterosexual,2020,1,2020Q1,28,2020-01-01,7,6722,1,0,0,0,0,0.2,0.17,340,985
QLD,Heterosexual,2020,2,2020Q2,29,2020-04-01,9,7090,1,0,1,0,0,0.2,0.17,340,985
QLD,Heterosexual,2020,3,2020Q3,30,2020-07-01,13,6603,1,0,1,0,0,0.2,0.17,340,985
QLD,Heterosexual,2020,4,2020Q4,31,2020-10-01,8,6257,1,0,1,0,0,0.2,0.17,340,985
QLD,Heterosexual,2021,1,2021Q1,32,2021-01-01,15,6346,1,0,1,0,0,0.2,0.17,340,985
QLD,Heterosexual,2021,2,2021Q2,33,2021-04-01,7,6462,1,0,1,0,0,0.2,0.17,340,985
QLD,Heterosexual,2021,3,2021Q3,34,2021-07-01,14,7048,1,0,1,0,0,0.2,0.17,340,985
QLD,Heterosexual,2021,4,2021Q4,35,2021-10-01,9,7641,1,0,1,0,0,0.2,0.17,340,985
QLD,Heterosexual,2022,1,2022Q1,36,2022-01-01,11,7853,1,0,0,0,0,0.2,0.17,340,985
QLD,Heterosexual,2022,2,2022Q2,37,2022-04-01,7,7715,1,0,0,0,0,0.2,0.17,340,985
QLD,Heterosexual,2022,3,2022Q3,38,2022-07-01,8,7640,1,0,0,0,0,0.2,0.17,340,985
QLD,Heterosexual,2022,4,2022Q4,39,2022-10-01,14,7820,1,0,0,0,0,0.2,0.17,340,985
QLD,MSM,2013,1,2013Q1,0,2013-01-01,27,0,0,0,0,1,0,0.2,0.17,340,985
QLD,MSM,2013,2,2013Q2,1,2013-04-01,41,0,0,0,0,1,0,0.2,0.17,340,985
QLD,MSM,2013,3,2013Q3,2,2013-07-01,20,0,0,0,0,1,0,0.2,0.17,340,985
QLD,MSM,2013,4,2013Q4,3,2013-10-01,37,0,0,0,0,1,0,0.2,0.17,340,985
QLD,MSM,2014,1,2014Q1,4,2014-01-01,28,0,0,0,0,1,0,0.2,0.17,340,985
QLD,MSM,2014,2,2014Q2,5,2014-04-01,26,0,0,0,0,1,0,0.2,0.17,340,985
QLD,MSM,2014,3,2014Q3,6,2014-07-01,35,0,0,0,0,1,0,0.2,0.17,340,985
QLD,MSM,2014,4,2014Q4,7,2014-10-01,23,0,0,0,0,1,0,0.2,0.17,340,985
QLD,MSM,2015,1,2015Q1,8,2015-01-01,38,0,0,0,0,1,0,0.2,0.17,340,985
QLD,MSM,2015,2,2015Q2,9,2015-04-01,27,0,0,0,0,1,0,0.2,0.17,340,985
QLD,MSM,2015,3,2015Q3,10,2015-07-01,26,0,0,0,0,1,0,0.2,0.17,340,985
QLD,MSM,2015,4,2015Q4,11,2015-10-01,32,0,0,0,0,1,0,0.2,0.17,340,985
QLD,MSM,2016,1,2016Q1,12,2016-01-01,40,0,0,0,0,1,0,0.2,0.17,340,985
QLD,MSM,2016,2,2016Q2,13,2016-04-01,34,0,0,0,0,1,0,0.2,0.17,340,985
QLD,MSM,2016,3,2016Q3,14,2016-07-01,29,0,0,0,0,1,0,0.2,0.17,340,985
QLD,MSM,2016,4,2016Q4,15,2016-10-01,28,0,0,0,0,1,0,0.2,0.17,340,985
QLD,MSM,2017,1,2017Q1,16,2017-01-01,26,0,0,0,0,1,0,0.2,0.17,340,985
QLD,MSM,2017,2,2017Q2,17,2017-04-01,26,0,0,0,0,1,0,0.2,0.17,340,985
QLD,MSM,2017,3,2017Q3,18,2017-07-01,19,0,0,0,0,1,0,0.2,0.17,340,985
QLD,MSM,2017,4,2017Q4,19,2017-10-01,27,0,0,0,0,1,0,0.2,0.17,340,985
QLD,MSM,2018,1,2018Q1,20,2018-01-01,30,0,0,0,0,1,0,0.2,0.17,340,985
QLD,MSM,2018,2,2018Q2,21,2018-04-01,22,1428,1,0,0,1,1,0.2,0.17,340,985
QLD,MSM,2018,3,2018Q3,22,2018-07-01,27,2051,1,0,0,1,1,0.2,0.17,340,985
QLD,MSM,2018,4,2018Q4,23,2018-10-01,15,2805,1,0,0,1,1,0.2,0.17,340,985
QLD,MSM,2019,1,2019Q1,24,2019-01-01,16,3817,1,0,0,1,1,0.2,0.17,340,985
QLD,MSM,2019,2,2019Q2,25,2019-04-01,26,4722,1,0,0,1,1,0.2,0.17,340,985
QLD,MSM,2019,3,2019Q3,26,2019-07-01,25,5514,1,0,0,1,1,0.2,0.17,340,985
QLD,MSM,2019,4,2019Q4,27,2019-10-01,19,6317,1,0,0,1,1,0.2,0.17,340,985
QLD,MSM,2020,1,2020Q1,28,2020-01-01,24,6722,1,0,0,1,1,0.2,0.17,340,985
QLD,MSM,2020,2,2020Q2,29,2020-04-01,32,7090,1,0,1,1,1,0.2,0.17,340,985
QLD,MSM,2020,3,2020Q3,30,2020-07-01,14,6603,1,0,1,1,1,0.2,0.17,340,985
QLD,MSM,2020,4,2020Q4,31,2020-10-01,21,6257,1,0,1,1,1,0.2,0.17,340,985
QLD,MSM,2021,1,2021Q1,32,2021-01-01,20,6346,1,0,1,1,1,0.2,0.17,340,985
QLD,MSM,2021,2,2021Q2,33,2021-04-01,21,6462,1,0,1,1,1,0.2,0.17,340,985
QLD,MSM,2021,3,2021Q3,34,2021-07-01,17,7048,1,0,1,1,1,0.2,0.17,340,985
QLD,MSM,2021,4,2021Q4,35,2021-10-01,20,7641,1,0,1,1,1,0.2,0.17,340,985
QLD,MSM,2022,1,2022Q1,36,2022-01-01,14,7853,1,0,0,1,1,0.2,0.17,340,985
QLD,MSM,2022,2,2022Q2,37,2022-04-01,13,7715,1,0,0,1,1,0.2,0.17,340,985
QLD,MSM,2022,3,2022Q3,38,2022-07-01,13,7640,1,0,0,1,1,0.2,0.17,340,985
QLD,MSM,2022,4,2022Q4,39,2022-10-01,17,7820,1,0,0,1,1,0.2,0.17,340,985
QLD,Other,2013,1,2013Q1,0,2013-01-01,6,0,0,0,0,0,0,0.2,0.17,340,985
QLD,Other,2013,2,2013Q2,1,2013-04-01,4,0,0,0,0,0,0,0.2,0.17,340,985
QLD,Other,2013,3,2013Q3,2,2013-07-01,3,0,0,0,0,0,0,0.2,0.17,340,985
QLD,Other,2013,4,2013Q4,3,2013-10-01,7,0,0,0,0,0,0,0.2,0.17,340,985
QLD,Other,2014,1,2014Q1,4,2014-01-01,4,0,0,0,0,0,0,0.2,0.17,340,985
QLD,Other,2014,2,2014Q2,5,2014-04-01,9,0,0,0,0,0,0,0.2,0.17,340,985
QLD,Other,2014,3,2014Q3,6,2014-07-01,3,0,0,0,0,0,0,0.2,0.17,340,985
QLD,Other,2014,4,2014Q4,7,2014-10-01,8,0,0,0,0,0,0,0.2,0.17,340,985
QLD,Other,2015,1,2015Q1,8,2015-01-01,10,0,0,0,0,0,0,0.2,0.17,340,985
QLD,Other,2015,2,2015Q2,9,2015-04-01,8,0,0,0,0,0,0,0.2,0.17,340,985
QLD,Other,2015,3,2015Q3,10,2015-07-01,4,0,0,0,0,0,0,0.2,0.17,340,985
QLD,Other,2015,4,2015Q4,11,2015-10-01,4,0,0,0,0,0,0,0.2,0.17,340,985
QLD,Other,2016,1,2016Q1,12,2016-01-01,3,0,0,0,0,0,0,0.2,0.17,340,985
QLD,Other,2016,2,2016Q2,13,2016-04-01,4,0,0,0,0,0,0,0.2,0.17,340,985
QLD,Other,2016,3,2016Q3,14,2016-07-01,6,0,0,0,0,0,0,0.2,0.17,340,985
QLD,Other,2016,4,2016Q4,15,2016-10-01,5,0,0,0,0,0,0,0.2,0.17,340,985
QLD,Other,2017,1,2017Q1,16,2017-01-01,6,0,0,0,0,0,0,0.2,0.17,340,985
QLD,Other,2017,2,2017Q2,17,2017-04-01,6,0,0,0,0,0,0,0.2,0.17,340,985
QLD,Other,2017,3,2017Q3,18,2017-07-01,2,0,0,0,0,0,0,0.2,0.17,340,985
QLD,Other,2017,4,2017Q4,19,2017-10-01,2,0,0,0,0,0,0,0.2,0.17,340,985
QLD,Other,2018,1,2018Q1,20,2018-01-01,8,0,0,0,0,0,0,0.2,0.17,340,985
QLD,Other,2018,2,2018Q2,21,2018-04-01,5,1428,1,0,0,0,0,0.2,0.17,340,985
QLD,Other,2018,3,2018Q3,22,2018-07-01,4,2051,1,0,0,0,0,0.2,0.17,340,985
QLD,Other,2018,4,2018Q4,23,2018-10-01,4,2805,1,0,0,0,0,0.2,0.17,340,985
QLD,Other,2019,1,2019Q1,24,2019-01-01,7,3817,1,0,0,0,0,0.2,0.17,340,985
QLD,Other,2019,2,2019Q2,25,2019-04-01,5,4722,1,0,0,0,0,0.2,0.17,340,985
QLD,Other,2019,3,2019Q3,26,2019-07-01,3,5514,1,0,0,0,0,0.2,0.17,340,985
QLD,Other,2019,4,2019Q4,27,2019-10-01,7,6317,1,0,0,0,0,0.2,0.17,340,985
QLD,Other,2020,1,2020Q1,28,2020-01-01,6,6722,1,0,0,0,0,0.2,0.17,340,985
QLD,Other,2020,2,2020Q2,29,2020-04-01,7,7090,1,0,1,0,0,0.2,0.17,340,985
QLD,Other,2020,3,2020Q3,30,2020-07-01,2,6603,1,0,1,0,0,0.2,0.17,340,985
QLD,Other,2020,4,2020Q4,31,2020-10-01,3,6257,1,0,1,0,0,0.2,0.17,340,985
QLD,Other,2021,1,2021Q1,32,2021-01-01,4,6346,1,0,1,0,0,0.2,0.17,340,985
QLD,Other,2021,2,2021Q2,33,2021-04-01,6,6462,1,0,1,0,0,0.2,0.17,340,985
QLD,Other,2021,3,2021Q3,34,2021-07-01,5,7048,1,0,1,0,0,0.2,0.17,340,985
QLD,Other,2021,4,2021Q4,35,2021-10-01,8,7641,1,0,1,0,0,0.2,0.17,340,985
QLD,Other,2022,1,2022Q1,36,2022-01-01,8,7853,1,0,0,0,0,0.2,0.17,340,985
QLD,Other,2022,2,2022Q2,37,2022-04-01,6,7715,1,0,0,0,0,0.2,0.17,340,985
QLD,Other,2022,3,2022Q3,38,2022-07-01,3,7640,1,0,0,0,0,0.2,0.17,340,985
QLD,Other,2022,4,2022Q4,39,2022-10-01,5,7820,1,0,0,0,0,0.2,0.17,340,985
SA,Heterosexual,2013,1,2013Q1,0,2013-01-01,5,0,0,0,0,0,0,0.07,0.06,310,980
SA,Heterosexual,2013,2,2013Q2,1,2013-04-01,6,0,0,0,0,0,0,0.07,0.06,310,980
SA,Heterosexual,2013,3,2013Q3,2,2013-07-01,4,0,0,0,0,0,0,0.07,0.06,310,980
SA,Heterosexual,2013,4,2013Q4,3,2013-10-01,7,0,0,0,0,0,0,0.07,0.06,310,980
SA,Heterosexual,2014,1,2014Q1,4,2014-01-01,2,0,0,0,0,0,0,0.07,0.06,310,980
SA,Heterosexual,2014,2,2014Q2,5,2014-04-01,8,0,0,0,0,0,0,0.07,0.06,310,980
SA,Heterosexual,2014,3,2014Q3,6,2014-07-01,4,0,0,0,0,0,0,0.07,0.06,310,980
SA,Heterosexual,2014,4,2014Q4,7,2014-10-01,3,0,0,0,0,0,0,0.07,0.06,310,980
SA,Heterosexual,2015,1,2015Q1,8,2015-01-01,1,0,0,0,0,0,0,0.07,0.06,310,980
SA,Heterosexual,2015,2,2015Q2,9,2015-04-01,5,0,0,0,0,0,0,0.07,0.06,310,980
SA,Heterosexual,2015,3,2015Q3,10,2015-07-01,5,0,0,0,0,0,0,0.07,0.06,310,980
SA,Heterosexual,2015,4,2015Q4,11,2015-10-01,3,0,0,0,0,0,0,0.07,0.06,310,980
SA,Heterosexual,2016,1,2016Q1,12,2016-01-01,4,0,0,0,0,0,0,0.07,0.06,310,980
SA,Heterosexual,2016,2,2016Q2,13,2016-04-01,2,0,0,0,0,0,0,0.07,0.06,310,980
SA,Heterosexual,2016,3,2016Q3,14,2016-07-01,4,0,0,0,0,0,0,0.07,0.06,310,980
SA,Heterosexual,2016,4,2016Q4,15,2016-10-01,1,0,0,0,0,0,0,0.07,0.06,310,980
SA,Heterosexual,2017,1,2017Q1,16,2017-01-01,3,0,0,0,0,0,0,0.07,0.06,310,980
SA,Heterosexual,2017,2,2017Q2,17,2017-04-01,8,0,0,0,0,0,0,0.07,0.06,310,980
SA,Heterosexual,2017,3,2017Q3,18,2017-07-01,1,0,0,0,0,0,0,0.07,0.06,310,980
SA,Heterosexual,2017,4,2017Q4,19,2017-10-01,8,0,0,0,0,0,0,0.07,0.06,310,980
SA,Heterosexual,2018,1,2018Q1,20,2018-01-01,4,0,0,0,0,0,0,0.07,0.06,310,980
SA,Heterosexual,2018,2,2018Q2,21,2018-04-01,1,494,1,0,0,0,0,0.07,0.06,310,980
SA,Heterosexual,2018,3,2018Q3,22,2018-07-01,2,749,1,0,0,0,0,0.07,0.06,310,980
SA,Heterosexual,2018,4,2018Q4,23,2018-10-01,5,1008,1,0,0,0,0,0.07,0.06,310,980
SA,Heterosexual,2019,1,2019Q1,24,2019-01-01,5,1378,1,0,0,0,0,0.07,0.06,310,980
SA,Heterosexual,2019,2,2019Q2,25,2019-04-01,6,1761,1,0,0,0,0,0.07,0.06,310,980
SA,Heterosexual,2019,3,2019Q3,26,2019-07-01,2,1914,1,0,0,0,0,0.07,0.06,310,980
SA,Heterosexual,2019,4,2019Q4,27,2019-10-01,3,2153,1,0,0,0,0,0.07,0.06,310,980
SA,Heterosexual,2020,1,2020Q1,28,2020-01-01,2,2392,1,0,0,0,0,0.07,0.06,310,980
SA,Heterosexual,2020,2,2020Q2,29,2020-04-01,1,2447,1,0,1,0,0,0.07,0.06,310,980
SA,Heterosexual,2020,3,2020Q3,30,2020-07-01,5,2379,1,0,1,0,0,0.07,0.06,310,980
SA,Heterosexual,2020,4,2020Q4,31,2020-10-01,4,2219,1,0,1,0,0,0.07,0.06,310,980
SA,Heterosexual,2021,1,2021Q1,32,2021-01-01,4,2190,1,0,1,0,0,0.07,0.06,310,980
SA,Heterosexual,2021,2,2021Q2,33,2021-04-01,6,2351,1,0,1,0,0,0.07,0.06,310,980
SA,Heterosexual,2021,3,2021Q3,34,2021-07-01,1,2433,1,0,1,0,0,0.07,0.06,310,980
SA,Heterosexual,2021,4,2021Q4,35,2021-10-01,4,2722,1,0,1,0,0,0.07,0.06,310,980
SA,Heterosexual,2022,1,2022Q1,36,2022-01-01,2,2626,1,0,0,0,0,0.07,0.06,310,980
SA,Heterosexual,2022,2,2022Q2,37,2022-04-01,5,2791,1,0,0,0,0,0.07,0.06,310,980
SA,Heterosexual,2022,3,2022Q3,38,2022-07-01,6,2667,1,0,0,0,0,0.07,0.06,310,980
SA,Heterosexual,2022,4,2022Q4,39,2022-10-01,2,2723,1,0,0,0,0,0.07,0.06,310,980
SA,MSM,2013,1,2013Q1,0,2013-01-01,11,0,0,0,0,1,0,0.07,0.06,310,980
SA,MSM,2013,2,2013Q2,1,2013-04-01,14,0,0,0,0,1,0,0.07,0.06,310,980
SA,MSM,2013,3,2013Q3,2,2013-07-01,11,0,0,0,0,1,0,0.07,0.06,310,980
SA,MSM,2013,4,2013Q4,3,2013-10-01,9,0,0,0,0,1,0,0.07,0.06,310,980
SA,MSM,2014,1,2014Q1,4,2014-01-01,9,0,0,0,0,1,0,0.07,0.06,310,980
SA,MSM,2014,2,2014Q2,5,2014-04-01,10,0,0,0,0,1,0,0.07,0.06,310,980
SA,MSM,2014,3,2014Q3,6,2014-07-01,7,0,0,0,0,1,0,0.07,0.06,310,980
SA,MSM,2014,4,2014Q4,7,2014-10-01,6,0,0,0,0,1,0,0.07,0.06,310,980
SA,MSM,2015,1,2015Q1,8,2015-01-01,13,0,0,0,0,1,0,0.07,0.06,310,980
SA,MSM,2015,2,2015Q2,9,2015-04-01,15,0,0,0,0,1,0,0.07,0.06,310,980
SA,MSM,2015,3,2015Q3,10,2015-07-01,11,0,0,0,0,1,0,0.07,0.06,310,980
SA,MSM,2015,4,2015Q4,11,2015-10-01,11,0,0,0,0,1,0,0.07,0.06,310,980
SA,MSM,2016,1,2016Q1,12,2016-01-01,11,0,0,0,0,1,0,0.07,0.06,310,980
SA,MSM,2016,2,2016Q2,13,2016-04-01,9,0,0,0,0,1,0,0.07,0.06,310,980
SA,MSM,2016,3,2016Q3,14,2016-07-01,7,0,0,0,0,1,0,0.07,0.06,310,980
SA,MSM,2016,4,2016Q4,15,2016-10-01,10,0,0,0,0,1,0,0.07,0.06,310,980
SA,MSM,2017,1,2017Q1,16,2017-01-01,3,0,0,0,0,1,0,0.07,0.06,310,980
SA,MSM,2017,2,2017Q2,17,2017-04-01,14,0,0,0,0,1,0,0.07,0.06,310,980
SA,MSM,2017,3,2017Q3,18,2017-07-01,12,0,0,0,0,1,0,0.07,0.06,310,980
SA,MSM,2017,4,2017Q4,19,2017-10-01,7,0,0,0,0,1,0,0.07,0.06,310,980
SA,MSM,2018,1,2018Q1,20,2018-01-01,13,0,0,0,0,1,0,0.07,0.06,310,980
SA,MSM,2018,2,2018Q2,21,2018-04-01,10,494,1,0,0,1,1,0.07,0.06,310,980
SA,MSM,2018,3,2018Q3,22,2018-07-01,7,749,1,0,0,1,1,0.07,0.06,310,980
SA,MSM,2018,4,2018Q4,23,2018-10-01,8,1008,1,0,0,1,1,0.07,0.06,310,980
SA,MSM,2019,1,2019Q1,24,2019-01-01,12,1378,1,0,0,1,1,0.07,0.06,310,980
SA,MSM,2019,2,2019Q2,25,2019-04-01,9,1761,1,0,0,1,1,0.07,0.06,310,980
SA,MSM,2019,3,2019Q3,26,2019-07-01,8,1914,1,0,0,1,1,0.07,0.06,310,980
SA,MSM,2019,4,2019Q4,27,2019-10-01,8,2153,1,0,0,1,1,0.07,0.06,310,980
SA,MSM,2020,1,2020Q1,28,2020-01-01,7,2392,1,0,0,1,1,0.07,0.06,310,980
SA,MSM,2020,2,2020Q2,29,2020-04-01,7,2447,1,0,1,1,1,0.07,0.06,310,980
SA,MSM,2020,3,2020Q3,30,2020-07-01,2,2379,1,0,1,1,1,0.07,0.06,310,980
SA,MSM,2020,4,2020Q4,31,2020-10-01,8,2219,1,0,1,1,1,0.07,0.06,310,980
SA,MSM,2021,1,2021Q1,32,2021-01-01,9,2190,1,0,1,1,1,0.07,0.06,310,980
SA,MSM,2021,2,2021Q2,33,2021-04-01,9,2351,1,0,1,1,1,0.07,0.06,310,980
SA,MSM,2021,3,2021Q3,34,2021-07-01,12,2433,1,0,1,1,1,0.07,0.06,310,980
SA,MSM,2021,4,2021Q4,35,2021-10-01,5,2722,1,0,1,1,1,0.07,0.06,310,980
SA,MSM,2022,1,2022Q1,36,2022-01-01,7,2626,1,0,0,1,1,0.07,0.06,310,980
SA,MSM,2022,2,2022Q2,37,2022-04-01,14,2791,1,0,0,1,1,0.07,0.06,310,980
SA,MSM,2022,3,2022Q3,38,2022-07-01,5,2667,1,0,0,1,1,0.07,0.06,310,980
SA,MSM,2022,4,2022Q4,39,2022-10-01,6,2723,1,0,0,1,1,0.07,0.06,310,980
SA,Other,2013,1,2013Q1,0,2013-01-01,1,0,0,0,0,0,0,0.07,0.06,310,980
SA,Other,2013,2,2013Q2,1,2013-04-01,3,0,0,0,0,0,0,0.07,0.06,310,980
SA,Other,2013,3,2013Q3,2,2013-07-01,2,0,0,0,0,0,0,0.07,0.06,310,980
SA,Other,2013,4,2013Q4,3,2013-10-01,1,0,0,0,0,0,0,0.07,0.06,310,980
SA,Other,2014,1,2014Q1,4,2014-01-01,1,0,0,0,0,0,0,0.07,0.06,310,980
SA,Other,2014,2,2014Q2,5,2014-04-01,2,0,0,0,0,0,0,0.07,0.06,310,980
SA,Other,2014,3,2014Q3,6,2014-07-01,0,0,0,0,0,0,0,0.07,0.06,310,980
SA,Other,2014,4,2014Q4,7,2014-10-01,0,0,0,0,0,0,0,0.07,0.06,310,980
SA,Other,2015,1,2015Q1,8,2015-01-01,1,0,0,0,0,0,0,0.07,0.06,310,980
SA,Other,2015,2,2015Q2,9,2015-04-01,1,0,0,0,0,0,0,0.07,0.06,310,980
SA,Other,2015,3,2015Q3,10,2015-07-01,0,0,0,0,0,0,0,0.07,0.06,310,980
SA,Other,2015,4,2015Q4,11,2015-10-01,1,0,0,0,0,0,0,0.07,0.06,310,980
SA,Other,2016,1,2016Q1,12,2016-01-01,0,0,0,0,0,0,0,0.07,0.06,310,980
SA,Other,2016,2,2016Q2,13,2016-04-01,0,0,0,0,0,0,0,0.07,0.06,310,980
SA,Other,2016,3,2016Q3,14,2016-07-01,4,0,0,0,0,0,0,0.07,0.06,310,980
SA,Other,2016,4,2016Q4,15,2016-10-01,2,0,0,0,0,0,0,0.07,0.06,310,980
SA,Other,2017,1,2017Q1,16,2017-01-01,1,0,0,0,0,0,0,0.07,0.06,310,980
SA,Other,2017,2,2017Q2,17,2017-04-01,1,0,0,0,0,0,0,0.07,0.06,310,980
SA,Other,2017,3,2017Q3,18,2017-07-01,4,0,0,0,0,0,0,0.07,0.06,310,980
SA,Other,2017,4,2017Q4,19,2017-10-01,3,0,0,0,0,0,0,0.07,0.06,310,980
SA,Other,2018,1,2018Q1,20,2018-01-01,2,0,0,0,0,0,0,0.07,0.06,310,980
SA,Other,2018,2,2018Q2,21,2018-04-01,0,494,1,0,0,0,0,0.07,0.06,310,980
SA,Other,2018,3,2018Q3,22,2018-07-01,2,749,1,0,0,0,0,0.07,0.06,310,980
SA,Other,2018,4,2018Q4,23,2018-10-01,2,1008,1,0,0,0,0,0.07,0.06,310,980
SA,Other,2019,1,2019Q1,24,2019-01-01,0,1378,1,0,0,0,0,0.07,0.06,310,980
SA,Other,2019,2,2019Q2,25,2019-04-01,1,1761,1,0,0,0,0,0.07,0.06,310,980
SA,Other,2019,3,2019Q3,26,2019-07-01,3,1914,1,0,0,0,0,0.07,0.06,310,980
SA,Other,2019,4,2019Q4,27,2019-10-01,2,2153,1,0,0,0,0,0.07,0.06,310,980
SA,Other,2020,1,2020Q1,28,2020-01-01,3,2392,1,0,0,0,0,0.07,0.06,310,980
SA,Other,2020,2,2020Q2,29,2020-04-01,1,2447,1,0,1,0,0,0.07,0.06,310,980
SA,Other,2020,3,2020Q3,30,2020-07-01,1,2379,1,0,1,0,0,0.07,0.06,310,980
SA,Other,2020,4,2020Q4,31,2020-10-01,2,2219,1,0,1,0,0,0.07,0.06,310,980
SA,Other,2021,1,2021Q1,32,2021-01-01,0,2190,1,0,1,0,0,0.07,0.06,310,980
SA,Other,2021,2,2021Q2,33,2021-04-01,1,2351,1,0,1,0,0,0.07,0.06,310,980
SA,Other,2021,3,2021Q3,34,2021-07-01,4,2433,1,0,1,0,0,0.07,0.06,310,980
SA,Other,2021,4,2021Q4,35,2021-10-01,1,2722,1,0,1,0,0,0.07,0.06,310,980
SA,Other,2022,1,2022Q1,36,2022-01-01,2,2626,1,0,0,0,0,0.07,0.06,310,980
SA,Other,2022,2,2022Q2,37,2022-04-01,0,2791,1,0,0,0,0,0.07,0.06,310,980
SA,Other,2022,3,2022Q3,38,2022-07-01,0,2667,1,0,0,0,0,0.07,0.06,310,980
SA,Other,2022,4,2022Q4,39,2022-10-01,2,2723,1,0,0,0,0,0.07,0.06,310,980
TAS,Heterosexual,2013,1,2013Q1,0,2013-01-01,0,0,0,0,0,0,0,0.02,0.015,260,960
TAS,Heterosexual,2013,2,2013Q2,1,2013-04-01,1,0,0,0,0,0,0,0.02,0.015,260,960
TAS,Heterosexual,2013,3,2013Q3,2,2013-07-01,0,0,0,0,0,0,0,0.02,0.015,260,960
TAS,Heterosexual,2013,4,2013Q4,3,2013-10-01,1,0,0,0,0,0,0,0.02,0.015,260,960
TAS,Heterosexual,2014,1,2014Q1,4,2014-01-01,3,0,0,0,0,0,0,0.02,0.015,260,960
TAS,Heterosexual,2014,2,2014Q2,5,2014-04-01,0,0,0,0,0,0,0,0.02,0.015,260,960
TAS,Heterosexual,2014,3,2014Q3,6,2014-07-01,1,0,0,0,0,0,0,0.02,0.015,260,960
TAS,Heterosexual,2014,4,2014Q4,7,2014-10-01,1,0,0,0,0,0,0,0.02,0.015,260,960
TAS,Heterosexual,2015,1,2015Q1,8,2015-01-01,0,0,0,0,0,0,0,0.02,0.015,260,960
TAS,Heterosexual,2015,2,2015Q2,9,2015-04-01,2,0,0,0,0,0,0,0.02,0.015,260,960
TAS,Heterosexual,2015,3,2015Q3,10,2015-07-01,1,0,0,0,0,0,0,0.02,0.015,260,960
TAS,Heterosexual,2015,4,2015Q4,11,2015-10-01,1,0,0,0,0,0,0,0.02,0.015,260,960
TAS,Heterosexual,2016,1,2016Q1,12,2016-01-01,0,0,0,0,0,0,0,0.02,0.015,260,960
TAS,Heterosexual,2016,2,2016Q2,13,2016-04-01,0,0,0,0,0,0,0,0.02,0.015,260,960
TAS,Heterosexual,2016,3,2016Q3,14,2016-07-01,0,0,0,0,0,0,0,0.02,0.015,260,960
TAS,Heterosexual,2016,4,2016Q4,15,2016-10-01,0,0,0,0,0,0,0,0.02,0.015,260,960
TAS,Heterosexual,2017,1,2017Q1,16,2017-01-01,1,0,0,0,0,0,0,0.02,0.015,260,960
TAS,Heterosexual,2017,2,2017Q2,17,2017-04-01,0,0,0,0,0,0,0,0.02,0.015,260,960
TAS,Heterosexual,2017,3,2017Q3,18,2017-07-01,1,0,0,0,0,0,0,0.02,0.015,260,960
TAS,Heterosexual,2017,4,2017Q4,19,2017-10-01,2,0,0,0,0,0,0,0.02,0.015,260,960
TAS,Heterosexual,2018,1,2018Q1,20,2018-01-01,1,0,0,0,0,0,0,0.02,0.015,260,960
TAS,Heterosexual,2018,2,2018Q2,21,2018-04-01,0,116,1,0,0,0,0,0.02,0.015,260,960
TAS,Heterosexual,2018,3,2018Q3,22,2018-07-01,3,187,1,0,0,0,0,0.02,0.015,260,960
TAS,Heterosexual,2018,4,2018Q4,23,2018-10-01,1,235,1,0,0,0,0,0.02,0.015,260,960
TAS,Heterosexual,2019,1,2019Q1,24,2019-01-01,0,372,1,0,0,0,0,0.02,0.015,260,960
TAS,Heterosexual,2019,2,2019Q2,25,2019-04-01,0,418,1,0,0,0,0,0.02,0.015,260,960
TAS,Heterosexual,2019,3,2019Q3,26,2019-07-01,1,517,1,0,0,0,0,0.02,0.015,260,960
TAS,Heterosexual,2019,4,2019Q4,27,2019-10-01,3,532,1,0,0,0,0,0.02,0.015,260,960
TAS,Heterosexual,2020,1,2020Q1,28,2020-01-01,1,602,1,0,0,0,0,0.02,0.015,260,960
TAS,Heterosexual,2020,2,2020Q2,29,2020-04-01,0,631,1,0,1,0,0,0.02,0.015,260,960
TAS,Heterosexual,2020,3,2020Q3,30,2020-07-01,1,586,1,0,1,0,0,0.02,0.015,260,960
TAS,Heterosexual,2020,4,2020Q4,31,2020-10-01,0,581,1,0,1,0,0,0.02,0.015,260,960
TAS,Heterosexual,2021,1,2021Q1,32,2021-01-01,0,560,1,0,1,0,0,0.02,0.015,260,960
TAS,Heterosexual,2021,2,2021Q2,33,2021-04-01,0,561,1,0,1,0,0,0.02,0.015,260,960
TAS,Heterosexual,2021,3,2021Q3,34,2021-07-01,0,646,1,0,1,0,0,0.02,0.015,260,960
TAS,Heterosexual,2021,4,2021Q4,35,2021-10-01,0,623,1,0,1,0,0,0.02,0.015,260,960
TAS,Heterosexual,2022,1,2022Q1,36,2022-01-01,1,642,1,0,0,0,0,0.02,0.015,260,960
TAS,Heterosexual,2022,2,2022Q2,37,2022-04-01,2,659,1,0,0,0,0,0.02,0.015,260,960
TAS,Heterosexual,2022,3,2022Q3,38,2022-07-01,2,719,1,0,0,0,0,0.02,0.015,260,960
TAS,Heterosexual,2022,4,2022Q4,39,2022-10-01,0,658,1,0,0,0,0,0.02,0.015,260,960
TAS,MSM,2013,1,2013Q1,0,2013-01-01,2,0,0,0,0,1,0,0.02,0.015,260,960
TAS,MSM,2013,2,2013Q2,1,2013-04-01,2,0,0,0,0,1,0,0.02,0.015,260,960
TAS,MSM,2013,3,2013Q3,2,2013-07-01,2,0,0,0,0,1,0,0.02,0.015,260,960
TAS,MSM,2013,4,2013Q4,3,2013-10-01,2,0,0,0,0,1,0,0.02,0.015,260,960
TAS,MSM,2014,1,2014Q1,4,2014-01-01,7,0,0,0,0,1,0,0.02,0.015,260,960
TAS,MSM,2014,2,2014Q2,5,2014-04-01,1,0,0,0,0,1,0,0.02,0.015,260,960
TAS,MSM,2014,3,2014Q3,6,2014-07-01,1,0,0,0,0,1,0,0.02,0.015,260,960
TAS,MSM,2014,4,2014Q4,7,2014-10-01,1,0,0,0,0,1,0,0.02,0.015,260,960
TAS,MSM,2015,1,2015Q1,8,2015-01-01,2,0,0,0,0,1,0,0.02,0.015,260,960
TAS,MSM,2015,2,2015Q2,9,2015-04-01,4,0,0,0,0,1,0,0.02,0.015,260,960
TAS,MSM,2015,3,2015Q3,10,2015-07-01,2,0,0,0,0,1,0,0.02,0.015,260,960
TAS,MSM,2015,4,2015Q4,11,2015-10-01,3,0,0,0,0,1,0,0.02,0.015,260,960
TAS,MSM,2016,1,2016Q1,12,2016-01-01,2,0,0,0,0,1,0,0.02,0.015,260,960
TAS,MSM,2016,2,2016Q2,13,2016-04-01,2,0,0,0,0,1,0,0.02,0.015,260,960
TAS,MSM,2016,3,2016Q3,14,2016-07-01,0,0,0,0,0,1,0,0.02,0.015,260,960
TAS,MSM,2016,4,2016Q4,15,2016-10-01,5,0,0,0,0,1,0,0.02,0.015,260,960
TAS,MSM,2017,1,2017Q1,16,2017-01-01,2,0,0,0,0,1,0,0.02,0.015,260,960
TAS,MSM,2017,2,2017Q2,17,2017-04-01,1,0,0,0,0,1,0,0.02,0.015,260,960
TAS,MSM,2017,3,2017Q3,18,2017-07-01,3,0,0,0,0,1,0,0.02,0.015,260,960
TAS,MSM,2017,4,2017Q4,19,2017-10-01,1,0,0,0,0,1,0,0.02,0.015,260,960
TAS,MSM,2018,1,2018Q1,20,2018-01-01,3,0,0,0,0,1,0,0.02,0.015,260,960
TAS,MSM,2018,2,2018Q2,21,2018-04-01,1,116,1,0,0,1,1,0.02,0.015,260,960
TAS,MSM,2018,3,2018Q3,22,2018-07-01,1,187,1,0,0,1,1,0.02,0.015,260,960
TAS,MSM,2018,4,2018Q4,23,2018-10-01,3,235,1,0,0,1,1,0.02,0.015,260,960
TAS,MSM,2019,1,2019Q1,24,2019-01-01,2,372,1,0,0,1,1,0.02,0.015,260,960
TAS,MSM,2019,2,2019Q2,25,2019-04-01,5,418,1,0,0,1,1,0.02,0.015,260,960
TAS,MSM,2019,3,2019Q3,26,2019-07-01,4,517,1,0,0,1,1,0.02,0.015,260,960
TAS,MSM,2019,4,2019Q4,27,2019-10-01,4,532,1,0,0,1,1,0.02,0.015,260,960
TAS,MSM,2020,1,2020Q1,28,2020-01-01,1,602,1,0,0,1,1,0.02,0.015,260,960
TAS,MSM,2020,2,2020Q2,29,2020-04-01,2,631,1,0,1,1,1,0.02,0.015,260,960
TAS,MSM,2020,3,2020Q3,30,2020-07-01,2,586,1,0,1,1,1,0.02,0.015,260,960
TAS,MSM,2020,4,2020Q4,31,2020-10-01,2,581,1,0,1,1,1,0.02,0.015,260,960
TAS,MSM,2021,1,2021Q1,32,2021-01-01,2,560,1,0,1,1,1,0.02,0.015,260,960
TAS,MSM,2021,2,2021Q2,33,2021-04-01,5,561,1,0,1,1,1,0.02,0.015,260,960
TAS,MSM,2021,3,2021Q3,34,2021-07-01,2,646,1,0,1,1,1,0.02,0.015,260,960
TAS,MSM,2021,4,2021Q4,35,2021-10-01,1,623,1,0,1,1,1,0.02,0.015,260,960
TAS,MSM,2022,1,2022Q1,36,2022-01-01,3,642,1,0,0,1,1,0.02,0.015,260,960
TAS,MSM,2022,2,2022Q2,37,2022-04-01,0,659,1,0,0,1,1,0.02,0.015,260,960
TAS,MSM,2022,3,2022Q3,38,2022-07-01,3,719,1,0,0,1,1,0.02,0.015,260,960
TAS,MSM,2022,4,2022Q4,39,2022-10-01,4,658,1,0,0,1,1,0.02,0.015,260,960
TAS,Other,2013,1,2013Q1,0,2013-01-01,0,0,0,0,0,0,0,0.02,0.015,260,960
TAS,Other,2013,2,2013Q2,1,2013-04-01,0,0,0,0,0,0,0,0.02,0.015,260,960
TAS,Other,2013,3,2013Q3,2,2013-07-01,0,0,0,0,0,0,0,0.02,0.015,260,960
TAS,Other,2013,4,2013Q4,3,2013-10-01,2,0,0,0,0,0,0,0.02,0.015,260,960
TAS,Other,2014,1,2014Q1,4,2014-01-01,2,0,0,0,0,0,0,0.02,0.015,260,960
TAS,Other,2014,2,2014Q2,5,2014-04-01,1,0,0,0,0,0,0,0.02,0.015,260,960
TAS,Other,2014,3,2014Q3,6,2014-07-01,0,0,0,0,0,0,0,0.02,0.015,260,960
TAS,Other,2014,4,2014Q4,7,2014-10-01,0,0,0,0,0,0,0,0.02,0.015,260,960
TAS,Other,2015,1,2015Q1,8,2015-01-01,1,0,0,0,0,0,0,0.02,0.015,260,960
TAS,Other,2015,2,2015Q2,9,2015-04-01,0,0,0,0,0,0,0,0.02,0.015,260,960
TAS,Other,2015,3,2015Q3,10,2015-07-01,0,0,0,0,0,0,0,0.02,0.015,260,960
TAS,Other,2015,4,2015Q4,11,2015-10-01,0,0,0,0,0,0,0,0.02,0.015,260,960
TAS,Other,2016,1,2016Q1,12,2016-01-01,0,0,0,0,0,0,0,0.02,0.015,260,960
TAS,Other,2016,2,2016Q2,13,2016-04-01,2,0,0,0,0,0,0,0.02,0.015,260,960
TAS,Other,2016,3,2016Q3,14,2016-07-01,0,0,0,0,0,0,0,0.02,0.015,260,960
TAS,Other,2016,4,2016Q4,15,2016-10-01,0,0,0,0,0,0,0,0.02,0.015,260,960
TAS,Other,2017,1,2017Q1,16,2017-01-01,0,0,0,0,0,0,0,0.02,0.015,260,960
TAS,Other,2017,2,2017Q2,17,2017-04-01,0,0,0,0,0,0,0,0.02,0.015,260,960
TAS,Other,2017,3,2017Q3,18,2017-07-01,1,0,0,0,0,0,0,0.02,0.015,260,960
TAS,Other,2017,4,2017Q4,19,2017-10-01,0,0,0,0,0,0,0,0.02,0.015,260,960
TAS,Other,2018,1,2018Q1,20,2018-01-01,0,0,0,0,0,0,0,0.02,0.015,260,960
TAS,Other,2018,2,2018Q2,21,2018-04-01,0,116,1,0,0,0,0,0.02,0.015,260,960
TAS,Other,2018,3,2018Q3,22,2018-07-01,0,187,1,0,0,0,0,0.02,0.015,260,960
TAS,Other,2018,4,2018Q4,23,2018-10-01,3,235,1,0,0,0,0,0.02,0.015,260,960
TAS,Other,2019,1,2019Q1,24,2019-01-01,1,372,1,0,0,0,0,0.02,0.015,260,960
TAS,Other,2019,2,2019Q2,25,2019-04-01,0,418,1,0,0,0,0,0.02,0.015,260,960
TAS,Other,2019,3,2019Q3,26,2019-07-01,0,517,1,0,0,0,0,0.02,0.015,260,960
TAS,Other,2019,4,2019Q4,27,2019-10-01,0,532,1,0,0,0,0,0.02,0.015,260,960
TAS,Other,2020,1,2020Q1,28,2020-01-01,0,602,1,0,0,0,0,0.02,0.015,260,960
TAS,Other,2020,2,2020Q2,29,2020-04-01,0,631,1,0,1,0,0,0.02,0.015,260,960
TAS,Other,2020,3,2020Q3,30,2020-07-01,0,586,1,0,1,0,0,0.02,0.015,260,960
TAS,Other,2020,4,2020Q4,31,2020-10-01,1,581,1,0,1,0,0,0.02,0.015,260,960
TAS,Other,2021,1,2021Q1,32,2021-01-01,0,560,1,0,1,0,0,0.02,0.015,260,960
TAS,Other,2021,2,2021Q2,33,2021-04-01,0,561,1,0,1,0,0,0.02,0.015,260,960
TAS,Other,2021,3,2021Q3,34,2021-07-01,1,646,1,0,1,0,0,0.02,0.015,260,960
TAS,Other,2021,4,2021Q4,35,2021-10-01,0,623,1,0,1,0,0,0.02,0.015,260,960
TAS,Other,2022,1,2022Q1,36,2022-01-01,0,642,1,0,0,0,0,0.02,0.015,260,960
TAS,Other,2022,2,2022Q2,37,2022-04-01,0,659,1,0,0,0,0,0.02,0.015,260,960
TAS,Other,2022,3,2022Q3,38,2022-07-01,0,719,1,0,0,0,0,0.02,0.015,260,960
TAS,Other,2022,4,2022Q4,39,2022-10-01,2,658,1,0,0,0,0,0.02,0.015,260,960
VIC,Heterosexual,2013,1,2013Q1,0,2013-01-01,11,0,0,0,0,0,0,0.26,0.27,400,1010
VIC,Heterosexual,2013,2,2013Q2,1,2013-04-01,12,0,0,0,0,0,0,0.26,0.27,400,1010
VIC,Heterosexual,2013,3,2013Q3,2,2013-07-01,14,0,0,0,0,0,0,0.26,0.27,400,1010
VIC,Heterosexual,2013,4,2013Q4,3,2013-10-01,14,0,0,0,0,0,0,0.26,0.27,400,1010
VIC,Heterosexual,2014,1,2014Q1,4,2014-01-01,17,0,0,0,0,0,0,0.26,0.27,400,1010
VIC,Heterosexual,2014,2,2014Q2,5,2014-04-01,12,0,0,0,0,0,0,0.26,0.27,400,1010
VIC,Heterosexual,2014,3,2014Q3,6,2014-07-01,12,0,0,0,0,0,0,0.26,0.27,400,1010
VIC,Heterosexual,2014,4,2014Q4,7,2014-10-01,15,0,0,0,0,0,0,0.26,0.27,400,1010
VIC,Heterosexual,2015,1,2015Q1,8,2015-01-01,18,0,0,0,0,0,0,0.26,0.27,400,1010
VIC,Heterosexual,2015,2,2015Q2,9,2015-04-01,20,0,0,0,0,0,0,0.26,0.27,400,1010
VIC,Heterosexual,2015,3,2015Q3,10,2015-07-01,15,0,0,0,0,0,0,0.26,0.27,400,1010
VIC,Heterosexual,2015,4,2015Q4,11,2015-10-01,9,0,0,0,0,0,0,0.26,0.27,400,1010
VIC,Heterosexual,2016,1,2016Q1,12,2016-01-01,15,0,0,0,0,0,0,0.26,0.27,400,1010
VIC,Heterosexual,2016,2,2016Q2,13,2016-04-01,20,0,0,0,0,0,0,0.26,0.27,400,1010
VIC,Heterosexual,2016,3,2016Q3,14,2016-07-01,16,0,0,0,0,0,0,0.26,0.27,400,1010
VIC,Heterosexual,2016,4,2016Q4,15,2016-10-01,15,0,0,0,0,0,0,0.26,0.27,400,1010
VIC,Heterosexual,2017,1,2017Q1,16,2017-01-01,12,0,0,0,0,0,0,0.26,0.27,400,1010
VIC,Heterosexual,2017,2,2017Q2,17,2017-04-01,15,0,0,0,0,0,0,0.26,0.27,400,1010
VIC,Heterosexual,2017,3,2017Q3,18,2017-07-01,21,0,0,0,0,0,0,0.26,0.27,400,1010
VIC,Heterosexual,2017,4,2017Q4,19,2017-10-01,16,0,0,0,0,0,0,0.26,0.27,400,1010
VIC,Heterosexual,2018,1,2018Q1,20,2018-01-01,14,0,0,0,0,0,0,0.26,0.27,400,1010
VIC,Heterosexual,2018,2,2018Q2,21,2018-04-01,13,2240,1,0,0,0,0,0.26,0.27,400,1010
VIC,Heterosexual,2018,3,2018Q3,22,2018-07-01,12,3278,1,0,0,0,0,0.26,0.27,400,1010
VIC,Heterosexual,2018,4,2018Q4,23,2018-10-01,11,4613,1,0,0,0,0,0.26,0.27,400,1010
VIC,Heterosexual,2019,1,2019Q1,24,2019-01-01,13,6088,1,0,0,0,0,0.26,0.27,400,1010
VIC,Heterosexual,2019,2,2019Q2,25,2019-04-01,15,7485,1,0,0,0,0,0.26,0.27,400,1010
VIC,Heterosexual,2019,3,2019Q3,26,2019-07-01,10,8995,1,0,0,0,0,0.26,0.27,400,1010
VIC,Heterosexual,2019,4,2019Q4,27,2019-10-01,18,9727,1,0,0,0,0,0.26,0.27,400,1010
VIC,Heterosexual,2020,1,2020Q1,28,2020-01-01,15,10638,1,0,0,0,0,0.26,0.27,400,1010
VIC,Heterosexual,2020,2,2020Q2,29,2020-04-01,10,11245,1,0,1,0,0,0.26,0.27,400,1010
VIC,Heterosexual,2020,3,2020Q3,30,2020-07-01,11,9595,1,0,1,0,0,0.26,0.27,400,1010
VIC,Heterosexual,2020,4,2020Q4,31,2020-10-01,19,8310,1,0,1,0,0,0.26,0.27,400,1010
VIC,Heterosexual,2021,1,2021Q1,32,2021-01-01,13,7814,1,0,1,0,0,0.26,0.27,400,1010
VIC,Heterosexual,2021,2,2021Q2,33,2021-04-01,21,8271,1,0,1,0,0,0.26,0.27,400,1010
VIC,Heterosexual,2021,3,2021Q3,34,2021-07-01,10,9840,1,0,1,0,0,0.26,0.27,400,1010
VIC,Heterosexual,2021,4,2021Q4,35,2021-10-01,12,12084,1,0,1,0,0,0.26,0.27,400,1010
VIC,Heterosexual,2022,1,2022Q1,36,2022-01-01,18,12055,1,0,0,0,0,0.26,0.27,400,1010
VIC,Heterosexual,2022,2,2022Q2,37,2022-04-01,12,12088,1,0,0,0,0,0.26,0.27,400,1010
VIC,Heterosexual,2022,3,2022Q3,38,2022-07-01,17,11987,1,0,0,0,0,0.26,0.27,400,1010
VIC,Heterosexual,2022,4,2022Q4,39,2022-10-01,13,12319,1,0,0,0,0,0.26,0.27,400,1010
VIC,MSM,2013,1,2013Q1,0,2013-01-01,49,0,0,0,0,1,0,0.26,0.27,400,1010
VIC,MSM,2013,2,2013Q2,1,2013-04-01,45,0,0,0,0,1,0,0.26,0.27,400,1010
VIC,MSM,2013,3,2013Q3,2,2013-07-01,60,0,0,0,0,1,0,0.26,0.27,400,1010
VIC,MSM,2013,4,2013Q4,3,2013-10-01,40,0,0,0,0,1,0,0.26,0.27,400,1010
VIC,MSM,2014,1,2014Q1,4,2014-01-01,44,0,0,0,0,1,0,0.26,0.27,400,1010
VIC,MSM,2014,2,2014Q2,5,2014-04-01,39,0,0,0,0,1,0,0.26,0.27,400,1010
VIC,MSM,2014,3,2014Q3,6,2014-07-01,43,0,0,0,0,1,0,0.26,0.27,400,1010
VIC,MSM,2014,4,2014Q4,7,2014-10-01,41,0,0,0,0,1,0,0.26,0.27,400,1010
VIC,MSM,2015,1,2015Q1,8,2015-01-01,51,0,0,0,0,1,0,0.26,0.27,400,1010
VIC,MSM,2015,2,2015Q2,9,2015-04-01,41,0,0,0,0,1,0,0.26,0.27,400,1010
VIC,MSM,2015,3,2015Q3,10,2015-07-01,39,0,0,0,0,1,0,0.26,0.27,400,1010
VIC,MSM,2015,4,2015Q4,11,2015-10-01,45,0,0,0,0,1,0,0.26,0.27,400,1010
VIC,MSM,2016,1,2016Q1,12,2016-01-01,45,0,0,0,0,1,0,0.26,0.27,400,1010
VIC,MSM,2016,2,2016Q2,13,2016-04-01,40,0,0,0,0,1,0,0.26,0.27,400,1010
VIC,MSM,2016,3,2016Q3,14,2016-07-01,33,0,0,0,0,1,0,0.26,0.27,400,1010
VIC,MSM,2016,4,2016Q4,15,2016-10-01,41,0,0,0,0,1,0,0.26,0.27,400,1010
VIC,MSM,2017,1,2017Q1,16,2017-01-01,35,0,0,0,0,1,0,0.26,0.27,400,1010
VIC,MSM,2017,2,2017Q2,17,2017-04-01,47,0,0,0,0,1,0,0.26,0.27,400,1010
VIC,MSM,2017,3,2017Q3,18,2017-07-01,37,0,0,0,0,1,0,0.26,0.27,400,1010
VIC,MSM,2017,4,2017Q4,19,2017-10-01,37,0,0,0,0,1,0,0.26,0.27,400,1010
VIC,MSM,2018,1,2018Q1,20,2018-01-01,46,0,0,0,0,1,0,0.26,0.27,400,1010
VIC,MSM,2018,2,2018Q2,21,2018-04-01,40,2240,1,0,0,1,1,0.26,0.27,400,1010
VIC,MSM,2018,3,2018Q3,22,2018-07-01,41,3278,1,0,0,1,1,0.26,0.27,400,1010
VIC,MSM,2018,4,2018Q4,23,2018-10-01,47,4613,1,0,0,1,1,0.26,0.27,400,1010
VIC,MSM,2019,1,2019Q1,24,2019-01-01,54,6088,1,0,0,1,1,0.26,0.27,400,1010
VIC,MSM,2019,2,2019Q2,25,2019-04-01,49,7485,1,0,0,1,1,0.26,0.27,400,1010
VIC,MSM,2019,3,2019Q3,26,2019-07-01,34,8995,1,0,0,1,1,0.26,0.27,400,1010
VIC,MSM,2019,4,2019Q4,27,2019-10-01,30,9727,1,0,0,1,1,0.26,0.27,400,1010
VIC,MSM,2020,1,2020Q1,28,2020-01-01,35,10638,1,0,0,1,1,0.26,0.27,400,1010
VIC,MSM,2020,2,2020Q2,29,2020-04-01,38,11245,1,0,1,1,1,0.26,0.27,400,1010
VIC,MSM,2020,3,2020Q3,30,2020-07-01,46,9595,1,0,1,1,1,0.26,0.27,400,1010
VIC,MSM,2020,4,2020Q4,31,2020-10-01,40,8310,1,0,1,1,1,0.26,0.27,400,1010
VIC,MSM,2021,1,2021Q1,32,2021-01-01,35,7814,1,0,1,1,1,0.26,0.27,400,1010
VIC,MSM,2021,2,2021Q2,33,2021-04-01,43,8271,1,0,1,1,1,0.26,0.27,400,1010
VIC,MSM,2021,3,2021Q3,34,2021-07-01,33,9840,1,0,1,1,1,0.26,0.27,400,1010
VIC,MSM,2021,4,2021Q4,35,2021-10-01,28,12084,1,0,1,1,1,0.26,0.27,400,1010
VIC,MSM,2022,1,2022Q1,36,2022-01-01,21,12055,1,0,0,1,1,0.26,0.27,400,1010
VIC,MSM,2022,2,2022Q2,37,2022-04-01,39,12088,1,0,0,1,1,0.26,0.27,400,1010
VIC,MSM,2022,3,2022Q3,38,2022-07-01,39,11987,1,0,0,1,1,0.26,0.27,400,1010
VIC,MSM,2022,4,2022Q4,39,2022-10-01,28,12319,1,0,0,1,1,0.26,0.27,400,1010
VIC,Other,2013,1,2013Q1,0,2013-01-01,12,0,0,0,0,0,0,0.26,0.27,400,1010
VIC,Other,2013,2,2013Q2,1,2013-04-01,8,0,0,0,0,0,0,0.26,0.27,400,1010
VIC,Other,2013,3,2013Q3,2,2013-07-01,4,0,0,0,0,0,0,0.26,0.27,400,1010
VIC,Other,2013,4,2013Q4,3,2013-10-01,5,0,0,0,0,0,0,0.26,0.27,400,1010
VIC,Other,2014,1,2014Q1,4,2014-01-01,7,0,0,0,0,0,0,0.26,0.27,400,1010
VIC,Other,2014,2,2014Q2,5,2014-04-01,7,0,0,0,0,0,0,0.26,0.27,400,1010
VIC,Other,2014,3,2014Q3,6,2014-07-01,10,0,0,0,0,0,0,0.26,0.27,400,1010
VIC,Other,2014,4,2014Q4,7,2014-10-01,7,0,0,0,0,0,0,0.26,0.27,400,1010
VIC,Other,2015,1,2015Q1,8,2015-01-01,7,0,0,0,0,0,0,0.26,0.27,400,1010
VIC,Other,2015,2,2015Q2,9,2015-04-01,3,0,0,0,0,0,0,0.26,0.27,400,1010
VIC,Other,2015,3,2015Q3,10,2015-07-01,5,0,0,0,0,0,0,0.26,0.27,400,1010
VIC,Other,2015,4,2015Q4,11,2015-10-01,6,0,0,0,0,0,0,0.26,0.27,400,1010
VIC,Other,2016,1,2016Q1,12,2016-01-01,8,0,0,0,0,0,0,0.26,0.27,400,1010
VIC,Other,2016,2,2016Q2,13,2016-04-01,3,0,0,0,0,0,0,0.26,0.27,400,1010
VIC,Other,2016,3,2016Q3,14,2016-07-01,7,0,0,0,0,0,0,0.26,0.27,400,1010
VIC,Other,2016,4,2016Q4,15,2016-10-01,9,0,0,0,0,0,0,0.26,0.27,400,1010
VIC,Other,2017,1,2017Q1,16,2017-01-01,3,0,0,0,0,0,0,0.26,0.27,400,1010
VIC,Other,2017,2,2017Q2,17,2017-04-01,8,0,0,0,0,0,0,0.26,0.27,400,1010
VIC,Other,2017,3,2017Q3,18,2017-07-01,5,0,0,0,0,0,0,0.26,0.27,400,1010
VIC,Other,2017,4,2017Q4,19,2017-10-01,8,0,0,0,0,0,0,0.26,0.27,400,1010
VIC,Other,2018,1,2018Q1,20,2018-01-01,5,0,0,0,0,0,0,0.26,0.27,400,1010
VIC,Other,2018,2,2018Q2,21,2018-04-01,3,2240,1,0,0,0,0,0.26,0.27,400,1010
VIC,Other,2018,3,2018Q3,22,2018-07-01,4,3278,1,0,0,0,0,0.26,0.27,400,1010
VIC,Other,2018,4,2018Q4,23,2018-10-01,6,4613,1,0,0,0,0,0.26,0.27,400,1010
VIC,Other,2019,1,2019Q1,24,2019-01-01,8,6088,1,0,0,0,0,0.26,0.27,400,1010
VIC,Other,2019,2,2019Q2,25,2019-04-01,8,7485,1,0,0,0,0,0.26,0.27,400,1010
VIC,Other,2019,3,2019Q3,26,2019-07-01,6,8995,1,0,0,0,0,0.26,0.27,400,1010
VIC,Other,2019,4,2019Q4,27,2019-10-01,6,9727,1,0,0,0,0,0.26,0.27,400,1010
VIC,Other,2020,1,2020Q1,28,2020-01-01,9,10638,1,0,0,0,0,0.26,0.27,400,1010
VIC,Other,2020,2,2020Q2,29,2020-04-01,3,11245,1,0,1,0,0,0.26,0.27,400,1010
VIC,Other,2020,3,2020Q3,30,2020-07-01,9,9595,1,0,1,0,0,0.26,0.27,400,1010
VIC,Other,2020,4,2020Q4,31,2020-10-01,5,8310,1,0,1,0,0,0.26,0.27,400,1010
VIC,Other,2021,1,2021Q1,32,2021-01-01,3,7814,1,0,1,0,0,0.26,0.27,400,1010
VIC,Other,2021,2,2021Q2,33,2021-04-01,4,8271,1,0,1,0,0,0.26,0.27,400,1010
VIC,Other,2021,3,2021Q3,34,2021-07-01,6,9840,1,0,1,0,0,0.26,0.27,400,1010
VIC,Other,2021,4,2021Q4,35,2021-10-01,10,12084,1,0,1,0,0,0.26,0.27,400,1010
VIC,Other,2022,1,2022Q1,36,2022-01-01,8,12055,1,0,0,0,0,0.26,0.27,400,1010
VIC,Other,2022,2,2022Q2,37,2022-04-01,5,12088,1,0,0,0,0,0.26,0.27,400,1010
VIC,Other,2022,3,2022Q3,38,2022-07-01,7,11987,1,0,0,0,0,0.26,0.27,400,1010
VIC,Other,2022,4,2022Q4,39,2022-10-01,4,12319,1,0,0,0,0,0.26,0.27,400,1010
WA,Heterosexual,2013,1,2013Q1,0,2013-01-01,4,0,0,0,0,0,0,0.1,0.09,300,995
WA,Heterosexual,2013,2,2013Q2,1,2013-04-01,7,0,0,0,0,0,0,0.1,0.09,300,995
WA,Heterosexual,2013,3,2013Q3,2,2013-07-01,5,0,0,0,0,0,0,0.1,0.09,300,995
WA,Heterosexual,2013,4,2013Q4,3,2013-10-01,6,0,0,0,0,0,0,0.1,0.09,300,995
WA,Heterosexual,2014,1,2014Q1,4,2014-01-01,4,0,0,0,0,0,0,0.1,0.09,300,995
WA,Heterosexual,2014,2,2014Q2,5,2014-04-01,8,0,0,0,0,0,0,0.1,0.09,300,995
WA,Heterosexual,2014,3,2014Q3,6,2014-07-01,6,0,0,0,0,0,0,0.1,0.09,300,995
WA,Heterosexual,2014,4,2014Q4,7,2014-10-01,5,0,0,0,0,0,0,0.1,0.09,300,995
WA,Heterosexual,2015,1,2015Q1,8,2015-01-01,7,0,0,0,0,0,0,0.1,0.09,300,995
WA,Heterosexual,2015,2,2015Q2,9,2015-04-01,4,0,0,0,0,0,0,0.1,0.09,300,995
WA,Heterosexual,2015,3,2015Q3,10,2015-07-01,9,0,0,0,0,0,0,0.1,0.09,300,995
WA,Heterosexual,2015,4,2015Q4,11,2015-10-01,5,0,0,0,0,0,0,0.1,0.09,300,995
WA,Heterosexual,2016,1,2016Q1,12,2016-01-01,3,0,0,0,0,0,0,0.1,0.09,300,995
WA,Heterosexual,2016,2,2016Q2,13,2016-04-01,2,0,0,0,0,0,0,0.1,0.09,300,995
WA,Heterosexual,2016,3,2016Q3,14,2016-07-01,4,0,0,0,0,0,0,0.1,0.09,300,995
WA,Heterosexual,2016,4,2016Q4,15,2016-10-01,2,0,0,0,0,0,0,0.1,0.09,300,995
WA,Heterosexual,2017,1,2017Q1,16,2017-01-01,11,0,0,0,0,0,0,0.1,0.09,300,995
WA,Heterosexual,2017,2,2017Q2,17,2017-04-01,7,0,0,0,0,0,0,0.1,0.09,300,995
WA,Heterosexual,2017,3,2017Q3,18,2017-07-01,6,0,0,0,0,0,0,0.1,0.09,300,995
WA,Heterosexual,2017,4,2017Q4,19,2017-10-01,2,0,0,0,0,0,0,0.1,0.09,300,995
WA,Heterosexual,2018,1,2018Q1,20,2018-01-01,5,0,0,0,0,0,0,0.1,0.09,300,995
WA,Heterosexual,2018,2,2018Q2,21,2018-04-01,6,737,1,0,0,0,0,0.1,0.09,300,995
WA,Heterosexual,2018,3,2018Q3,22,2018-07-01,5,1073,1,0,0,0,0,0.1,0.09,300,995
WA,Heterosexual,2018,4,2018Q4,23,2018-10-01,8,1522,1,0,0,0,0,0.1,0.09,300,995
WA,Heterosexual,2019,1,2019Q1,24,2019-01-01,5,2073,1,0,0,0,0,0.1,0.09,300,995
WA,Heterosexual,2019,2,2019Q2,25,2019-04-01,4,2459,1,0,0,0,0,0.1,0.09,300,995
WA,Heterosexual,2019,3,2019Q3,26,2019-07-01,5,2882,1,0,0,0,0,0.1,0.09,300,995
WA,Heterosexual,2019,4,2019Q4,27,2019-10-01,4,3273,1,0,0,0,0,0.1,0.09,300,995
WA,Heterosexual,2020,1,2020Q1,28,2020-01-01,6,3608,1,0,0,0,0,0.1,0.09,300,995
WA,Heterosexual,2020,2,2020Q2,29,2020-04-01,6,3654,1,0,1,0,0,0.1,0.09,300,995
WA,Heterosexual,2020,3,2020Q3,30,2020-07-01,4,3519,1,0,1,0,0,0.1,0.09,300,995
WA,Heterosexual,2020,4,2020Q4,31,2020-10-01,7,3430,1,0,1,0,0,0.1,0.09,300,995
WA,Heterosexual,2021,1,2021Q1,32,2021-01-01,4,3443,1,0,1,0,0,0.1,0.09,300,995
WA,Heterosexual,2021,2,2021Q2,33,2021-04-01,4,3453,1,0,1,0,0,0.1,0.09,300,995
WA,Heterosexual,2021,3,2021Q3,34,2021-07-01,8,3683,1,0,1,0,0,0.1,0.09,300,995
WA,Heterosexual,2021,4,2021Q4,35,2021-10-01,6,3986,1,0,1,0,0,0.1,0.09,300,995
WA,Heterosexual,2022,1,2022Q1,36,2022-01-01,2,3970,1,0,0,0,0,0.1,0.09,300,995
WA,Heterosexual,2022,2,2022Q2,37,2022-04-01,9,4032,1,0,0,0,0,0.1,0.09,300,995
WA,Heterosexual,2022,3,2022Q3,38,2022-07-01,5,4138,1,0,0,0,0,0.1,0.09,300,995
WA,Heterosexual,2022,4,2022Q4,39,2022-10-01,3,4139,1,0,0,0,0,0.1,0.09,300,995
WA,MSM,2013,1,2013Q1,0,2013-01-01,13,0,0,0,0,1,0,0.1,0.09,300,995
WA,MSM,2013,2,2013Q2,1,2013-04-01,18,0,0,0,0,1,0,0.1,0.09,300,995
WA,MSM,2013,3,2013Q3,2,2013-07-01,8,0,0,0,0,1,0,0.1,0.09,300,995
WA,MSM,2013,4,2013Q4,3,2013-10-01,17,0,0,0,0,1,0,0.1,0.09,300,995
WA,MSM,2014,1,2014Q1,4,2014-01-01,20,0,0,0,0,1,0,0.1,0.09,300,995
WA,MSM,2014,2,2014Q2,5,2014-04-01,17,0,0,0,0,1,0,0.1,0.09,300,995
WA,MSM,2014,3,2014Q3,6,2014-07-01,15,0,0,0,0,1,0,0.1,0.09,300,995
WA,MSM,2014,4,2014Q4,7,2014-10-01,22,0,0,0,0,1,0,0.1,0.09,300,995
WA,MSM,2015,1,2015Q1,8,2015-01-01,11,0,0,0,0,1,0,0.1,0.09,300,995
WA,MSM,2015,2,2015Q2,9,2015-04-01,17,0,0,0,0,1,0,0.1,0.09,300,995
WA,MSM,2015,3,2015Q3,10,2015-07-01,15,0,0,0,0,1,0,0.1,0.09,300,995
WA,MSM,2015,4,2015Q4,11,2015-10-01,15,0,0,0,0,1,0,0.1,0.09,300,995
WA,MSM,2016,1,2016Q1,12,2016-01-01,12,0,0,0,0,1,0,0.1,0.09,300,995
WA,MSM,2016,2,2016Q2,13,2016-04-01,13,0,0,0,0,1,0,0.1,0.09,300,995
WA,MSM,2016,3,2016Q3,14,2016-07-01,17,0,0,0,0,1,0,0.1,0.09,300,995
WA,MSM,2016,4,2016Q4,15,2016-10-01,18,0,0,0,0,1,0,0.1,0.09,300,995
WA,MSM,2017,1,2017Q1,16,2017-01-01,18,0,0,0,0,1,0,0.1,0.09,300,995
WA,MSM,2017,2,2017Q2,17,2017-04-01,15,0,0,0,0,1,0,0.1,0.09,300,995
WA,MSM,2017,3,2017Q3,18,2017-07-01,12,0,0,0,0,1,0,0.1,0.09,300,995
WA,MSM,2017,4,2017Q4,19,2017-10-01,11,0,0,0,0,1,0,0.1,0.09,300,995
WA,MSM,2018,1,2018Q1,20,2018-01-01,14,0,0,0,0,1,0,0.1,0.09,300,995
WA,MSM,2018,2,2018Q2,21,2018-04-01,23,737,1,0,0,1,1,0.1,0.09,300,995
WA,MSM,2018,3,2018Q3,22,2018-07-01,15,1073,1,0,0,1,1,0.1,0.09,300,995
WA,MSM,2018,4,2018Q4,23,2018-10-01,18,1522,1,0,0,1,1,0.1,0.09,300,995
WA,MSM,2019,1,2019Q1,24,2019-01-01,15,2073,1,0,0,1,1,0.1,0.09,300,995
WA,MSM,2019,2,2019Q2,25,2019-04-01,14,2459,1,0,0,1,1,0.1,0.09,300,995
WA,MSM,2019,3,2019Q3,26,2019-07-01,15,2882,1,0,0,1,1,0.1,0.09,300,995
WA,MSM,2019,4,2019Q4,27,2019-10-01,12,3273,1,0,0,1,1,0.1,0.09,300,995
WA,MSM,2020,1,2020Q1,28,2020-01-01,14,3608,1,0,0,1,1,0.1,0.09,300,995
WA,MSM,2020,2,2020Q2,29,2020-04-01,8,3654,1,0,1,1,1,0.1,0.09,300,995
WA,MSM,2020,3,2020Q3,30,2020-07-01,14,3519,1,0,1,1,1,0.1,0.09,300,995
WA,MSM,2020,4,2020Q4,31,2020-10-01,16,3430,1,0,1,1,1,0.1,0.09,300,995
WA,MSM,2021,1,2021Q1,32,2021-01-01,16,3443,1,0,1,1,1,0.1,0.09,300,995
WA,MSM,2021,2,2021Q2,33,2021-04-01,8,3453,1,0,1,1,1,0.1,0.09,300,995
WA,MSM,2021,3,2021Q3,34,2021-07-01,5,3683,1,0,1,1,1,0.1,0.09,300,995
WA,MSM,2021,4,2021Q4,35,2021-10-01,11,3986,1,0,1,1,1,0.1,0.09,300,995
WA,MSM,2022,1,2022Q1,36,2022-01-01,6,3970,1,0,0,1,1,0.1,0.09,300,995
WA,MSM,2022,2,2022Q2,37,2022-04-01,6,4032,1,0,0,1,1,0.1,0.09,300,995
WA,MSM,2022,3,2022Q3,38,2022-07-01,5,4138,1,0,0,1,1,0.1,0.09,300,995
WA,MSM,2022,4,2022Q4,39,2022-10-01,8,4139,1,0,0,1,1,0.1,0.09,300,995
WA,Other,2013,1,2013Q1,0,2013-01-01,3,0,0,0,0,0,0,0.1,0.09,300,995
WA,Other,2013,2,2013Q2,1,2013-04-01,4,0,0,0,0,0,0,0.1,0.09,300,995
WA,Other,2013,3,2013Q3,2,2013-07-01,0,0,0,0,0,0,0,0.1,0.09,300,995
WA,Other,2013,4,2013Q4,3,2013-10-01,1,0,0,0,0,0,0,0.1,0.09,300,995
WA,Other,2014,1,2014Q1,4,2014-01-01,0,0,0,0,0,0,0,0.1,0.09,300,995
WA,Other,2014,2,2014Q2,5,2014-04-01,5,0,0,0,0,0,0,0.1,0.09,300,995
WA,Other,2014,3,2014Q3,6,2014-07-01,2,0,0,0,0,0,0,0.1,0.09,300,995
WA,Other,2014,4,2014Q4,7,2014-10-01,3,0,0,0,0,0,0,0.1,0.09,300,995
WA,Other,2015,1,2015Q1,8,2015-01-01,1,0,0,0,0,0,0,0.1,0.09,300,995
WA,Other,2015,2,2015Q2,9,2015-04-01,2,0,0,0,0,0,0,0.1,0.09,300,995
WA,Other,2015,3,2015Q3,10,2015-07-01,3,0,0,0,0,0,0,0.1,0.09,300,995
WA,Other,2015,4,2015Q4,11,2015-10-01,0,0,0,0,0,0,0,0.1,0.09,300,995
WA,Other,2016,1,2016Q1,12,2016-01-01,1,0,0,0,0,0,0,0.1,0.09,300,995
WA,Other,2016,2,2016Q2,13,2016-04-01,2,0,0,0,0,0,0,0.1,0.09,300,995
WA,Other,2016,3,2016Q3,14,2016-07-01,2,0,0,0,0,0,0,0.1,0.09,300,995
WA,Other,2016,4,2016Q4,15,2016-10-01,3,0,0,0,0,0,0,0.1,0.09,300,995
WA,Other,2017,1,2017Q1,16,2017-01-01,4,0,0,0,0,0,0,0.1,0.09,300,995
WA,Other,2017,2,2017Q2,17,2017-04-01,0,0,0,0,0,0,0,0.1,0.09,300,995
WA,Other,2017,3,2017Q3,18,2017-07-01,1,0,0,0,0,0,0,0.1,0.09,300,995
WA,Other,2017,4,2017Q4,19,2017-10-01,3,0,0,0,0,0,0,0.1,0.09,300,995
WA,Other,2018,1,2018Q1,20,2018-01-01,2,0,0,0,0,0,0,0.1,0.09,300,995
WA,Other,2018,2,2018Q2,21,2018-04-01,0,737,1,0,0,0,0,0.1,0.09,300,995
WA,Other,2018,3,2018Q3,22,2018-07-01,0,1073,1,0,0,0,0,0.1,0.09,300,995
WA,Other,2018,4,2018Q4,23,2018-10-01,3,1522,1,0,0,0,0,0.1,0.09,300,995
WA,Other,2019,1,2019Q1,24,2019-01-01,4,2073,1,0,0,0,0,0.1,0.09,300,995
WA,Other,2019,2,2019Q2,25,2019-04-01,1,2459,1,0,0,0,0,0.1,0.09,300,995
WA,Other,2019,3,2019Q3,26,2019-07-01,4,2882,1,0,0,0,0,0.1,0.09,300,995
WA,Other,2019,4,2019Q4,27,2019-10-01,2,3273,1,0,0,0,0,0.1,0.09,300,995
WA,Other,2020,1,2020Q1,28,2020-01-01,2,3608,1,0,0,0,0,0.1,0.09,300,995
WA,Other,2020,2,2020Q2,29,2020-04-01,1,3654,1,0,1,0,0,0.1,0.09,300,995
WA,Other,2020,3,2020Q3,30,2020-07-01,2,3519,1,0,1,0,0,0.1,0.09,300,995
WA,Other,2020,4,2020Q4,31,2020-10-01,1,3430,1,0,1,0,0,0.1,0.09,300,995
WA,Other,2021,1,2021Q1,32,2021-01-01,2,3443,1,0,1,0,0,0.1,0.09,300,995
WA,Other,2021,2,2021Q2,33,2021-04-01,0,3453,1,0,1,0,0,0.1,0.09,300,995
WA,Other,2021,3,2021Q3,34,2021-07-01,0,3683,1,0,1,0,0,0.1,0.09,300,995
WA,Other,2021,4,2021Q4,35,2021-10-01,2,3986,1,0,1,0,0,0.1,0.09,300,995
WA,Other,2022,1,2022Q1,36,2022-01-01,1,3970,1,0,0,0,0,0.1,0.09,300,995
WA,Other,2022,2,2022Q2,37,2022-04-01,3,4032,1,0,0,0,0,0.1,0.09,300,995
WA,Other,2022,3,2022Q3,38,2022-07-01,3,4138,1,0,0,0,0,0.1,0.09,300,995
WA,Other,2022,4,2022Q4,39,2022-10-01,1,4139,1,0,0,0,0,0.1,0.09,300,995
